a	40.080999999999996	38.596	36.952	38.06	38.518	38.236999999999995	40.782	41.512	39.501	40.95	39.569	40.864000000000004	41.975	41.625	40.319	41.42	41.54600000000001	41.527	39.510999999999996	38.827	38.798	37.692	38.025	39.031	38.699	39.684	37.995	36.647	35.671	35.378	35.681	33.757	33.97	35.264	35.588	36.764	37.529	36.03	39.223	39.607	40.419000000000004	39.291	41.506	38.317	36.463	36.856	36.54	34.713	37.365	37.916	37.464	38.604	38.829	38.687	40.095	41.317	40.321	40.724000000000004	43.75899999999999	44.756	45.052	44.263000000000005	45.485	43.121	44.933	46.236999999999995	46.385	46.523	47.551	47.048	47.048	46.543	44.893	46.05	46.68899999999999	45.251999999999995	45.57899999999999	42.965	43.896	44.896	44.035	42.795	45.857	44.996	45.282	47.668	47.996	48.085	48.571999999999996	50.022	51.006	51.691	51.085	52.953	52.883	52.397	52.327	53.044	55.563	56.629	55.533	59.048	60.144	59.028	59.536	58.681000000000004	59.739	61.086000000000006	59.599	60.248000000000005	59.21	61.615	63.361000000000004	65.008	65.82600000000001	64.59899999999999	65.15	66.62	66.88	67.97	68.22
aa	34.453	33.671	32.6	35.02	36.176	33.731	34.451	32.616	29.449	28.974	28.101	29.15	29.171999999999997	29.605	29.283	30.215999999999998	29.302	27.964000000000002	27.331999999999997	26.369	25.715	24.379	23.158	22.939	21.033	21.274	20.859	19.805999999999997	20.64	21.318	21.628	20.134	20.881	22.11	20.64	19.718	20.243	17.581	19.958	20.573	20.177	20.31	22.29	18.197	15.183	15.71	16.685	16.199	19.69	20.132	20.816999999999997	21.965999999999998	21.436999999999998	20.795	21.636999999999997	23.028000000000002	24.686	20.965999999999998	20.612	21.276	21.1	20.656999999999996	21.851999999999997	20.168	21.764	24.201999999999998	23.648000000000003	23.14	23.162	22.828000000000003	22.805999999999997	22.694000000000003	21.05	21.694000000000003	22.494	20.68	20.035	20.91	25.11	29.62	31.34	28.88	32.05	29.29	29.43	30.68	32.64	36.53	37.68	38.3	36.71	37.99	35.36	34.97	32.47	34.23	32.05	31.7	33.28	30.82	31.63	33.09	33.32	32.48	29.69	33.18	34.14	36.43	36.63	37.09	37.78	38.47	43.0	44.73	44.65	45.29	48.31	46.94	46.54	47.91	47.29
aaba	50.53	48.59	46.23	49.44	44.7	42.96	44.11	44.11	42.67	44.67	44.47	43.67	45.53	43.97	42.56	44.09	44.36	43.38	42.88	40.53	40.73	39.29	37.61	39.68	37.83	37.12	34.49	34.1	33.14	30.9	31.4	29.34	30.71	32.86	32.83	35.19	35.12	32.19	33.36	35.65	34.63	32.95	34.04	30.16	29.14	29.98	27.68	26.76	31.17	32.8	33.51	34.275	35.23	36.41	37.31	37.67	36.6	37.18	37.27	35.59	36.59	36.47	37.4	36.86	37.74	37.95	38.76	38.39	41.27	43.02	42.26	44.35	43.99	42.8	43.13	42.68	42.73	41.87	40.28	39.3	41.01	39.63	41.76	38.42	38.73	41.23	41.99	44.94	43.69	45.03	45.5	46.24	45.94	46.59	46.4	46.23	46.83	47.52	48.61	49.49	49.65	50.6	50.6	52.0	55.09	54.3	54.8	58.47	58.91	58.15	57.92	63.6	63.17	64.02	66.41	64.96	67.81	69.22	67.45	67.52	71.71
aac	29.89	28.64	28.7	28.3	27.46	27.91	30.39	34.27	25.8	29.77	28.08	30.59	31.11	33.25	34.66	31.68	37.65	38.73	41.67	43.17	44.22	43.56	43.61	41.84	39.09	19.89	19.5	21.79	22.49	23.8	23.93	24.68	24.43	26.76	28.03	23.76	24.25	22.68	23.7	23.88	22.96	22.06	18.6	18.2	16.77	19.46	18.27	19.83	22.68	20.34	16.97	17.9	18.43	18.47	19.53	20.11	20.59	21.53	19.72	21.2	21.49	19.96	19.64	22.0	22.65	23.03	22.75	19.96	17.45	17.29	18.77	19.77	17.91	17.04	17.61	17.17	16.91	17.05	7.51	9.28	9.43	8.52	8.4	7.64	7.0	7.54	8.0	8.16	8.03	7.9	8.15	8.91	8.6	8.58	8.43	8.34	8.2	7.39	7.12	7.09	6.87	6.59	6.37	6.55	6.57	7.04	6.61	6.86	6.46	7.29	8.67	8.98	8.98	10.16	11.4	10.13	9.99	7.8	8.24	8.56	11.14
aal	51.376999999999995	51.534	48.032	53.903	46.176	46.357	49.699	47.058	45.528999999999996	52.728	49.931999999999995	46.835	46.192	50.068999999999996	47.126000000000005	47.868	47.82899999999999	41.231	41.161	39.736999999999995	42.001999999999995	38.982	38.721	40.413000000000004	39.179	41.72	41.601000000000006	41.073	37.784	39.918	42.128	39.381	37.794000000000004	42.891999999999996	43.821000000000005	44.868	44.71	42.603	41.473	42.966	43.229	40.288000000000004	42.652	39.66	38.005	38.866	36.777	35.875	40.150999999999996	41.125	40.948	41.391000000000005	40.221	38.274	39.266999999999996	39.336999999999996	34.106	32.479	32.184	31.71	30.378	31.354	29.6	27.311	29.62	35.525	36.038000000000004	33.111	34.574	36.086999999999996	35.771	38.311	36.007	35.157	37.283	37.777	40.251	39.47	39.400999999999996	43.03	45.68600000000001	45.358999999999995	49.216	48.165	47.263000000000005	45.815	46.351000000000006	47.5	43.633	46.155	46.512	46.792	43.055	41.455	41.475	40.64	43.681000000000004	44.864	41.813	46.792	44.74100000000001	47.818000000000005	49.531000000000006	49.242	48.226000000000006	49.412	52.438	52.926	50.79600000000001	50.338	48.244	45.61	44.463	43.733999999999995	45.898999999999994	47.596000000000004	50.4	52.715	51.397	47.456	47.406000000000006
aamc	436.65	335.99	340.87	214.28	240.11	160.0	183.51	195.85	188.3	195.25	226.0	199.0	202.97	239.0	231.95	216.79	216.57	182.6	188.24	168.2	162.89	153.27	146.0	140.75	147.05	139.13	132.57	113.98	60.01	33.4	35.57	26.03	25.06	23.95	29.4	29.8	25.2	33.8	20.75	13.15	16.96	13.01	14.27	20.3	19.92	15.04	17.38	15.25	14.69	17.6	18.01	14.21	13.33	13.64	12.76	20.12	20.4	15.21	12.83	12.51	13.81	19.5	20.66	17.95	13.5	13.71	13.53	15.2699	12.55	13.28	13.62	12.72	13.47	13.71	16.4	16.8	25.0413	33.45	32.85	35.5	36.6	28.2	28.9	37.05	46.85	53.8	55.95	63.8	63.0	62.8	77.75	74.6489	71.1	77.4	74.2	54.45	75.25	69.0	73.0	73.8	72.05	76.15	89.0	92.0	86.0	87.0	88.0	93.0	92.2499	93.0	88.9	74.75	82.6	81.0	108.7	109.35	88.95	82.0	84.05	85.5	88.0
aame	3.9235	3.9235	3.8647	3.8743	3.7273	3.8255	3.7664	3.8255	3.8255	3.8453	3.9733	3.9438	3.9339	3.8453	3.9338	3.9339	3.9438	3.9536	3.9635	3.8847	3.9044	3.9637	3.924	3.924	3.815	3.4781	3.7655	3.6862	3.6168	3.6564	3.597	3.6168	3.6366	3.6664	3.6466	3.6168	3.3493	3.3295	3.4682	3.7259	4.0033	4.2312	4.2114	4.2114	4.6922	4.796	4.8555	4.7366	4.9348	4.697	4.697	4.5284	4.3501	4.2411	4.4491	4.36	3.9537	4.1321	4.2213	4.1619	4.4095	4.6067	4.3878	4.2187	4.0893	3.3983	3.4227	3.6158	3.562	3.9302	3.9401	4.1789	4.2286	4.0794	3.4725	3.6217	3.4824	3.2934	3.2436	3.3133	3.7312	4.2286	3.8804	3.8307	3.7312	3.9799	4.0297	3.957	4.0794	3.9302	3.8555	3.8307	3.6864	3.7809	3.5819	3.9302	3.8804	3.9799	3.9605	3.8	3.7	3.55	3.7	3.8	3.8	3.65	3.7	3.595	3.6	3.6	3.55	3.35	3.4	3.3	3.4	3.3	3.2	3.4	3.25	3.25	3.6
aan	30.709	29.968000000000004	28.916	32.491	31.055999999999997	30.689	30.441	29.453000000000003	27.8	28.009	27.451999999999998	28.019000000000002	28.721	28.979	33.709	34.85	35.861	35.472	34.306	34.196	35.666	35.925	35.376999999999995	36.696999999999996	33.662	37.114000000000004	36.857	38.384	37.580999999999996	39.251	38.676	37.068000000000005	36.353	40.163000000000004	38.208	34.755	25.443	23.795	23.666999999999998	24.217	22.448	21.941	22.756	20.539	22.25	22.865	21.355	21.533	21.910999999999998	23.233	23.916999999999998	23.715999999999998	24.291999999999998	25.247	27.326	26.061999999999998	26.072	25.456	23.686	24.342	24.953000000000003	22.901999999999997	22.146	21.945999999999998	23.201	23.32	23.151	23.72	24.805	25.113000000000003	25.093000000000004	24.84	24.928	25.576999999999998	24.87	22.736	23.484	22.557	25.177	27.88	29.543000000000003	29.275	32.402	33.19	31.924	30.787	31.944000000000003	31.465	30.587	29.978	26.926	27.674	27.374000000000002	30.028000000000002	28.779	29.439	30.717	30.666999999999998	36.688	36.139	35.010999999999996	35.5	38.855	39.485	38.605	39.003	37.684	38.783	39.711999999999996	45.818000000000005	45.159	43.46	44.32899999999999	41.081	42.9	39.42	44.19	42.96	42.48	39.14	35.59
aaoi	10.94	9.85	8.38	9.25	9.02	10.21	10.22	13.27	12.12	13.27	13.32	13.69	13.02	14.6	14.28	15.14	14.8	18.77	17.67	18.43	18.01	17.36	16.19	19.28	18.24	18.73	22.38	20.33	21.11	21.66	19.89	18.64	18.17	18.94	18.24	21.3	17.73	16.6	18.56	18.49	17.17	16.92	18.04	15.29	13.42	15.14	15.42	14.55	16.32	18.33	17.02	17.65	15.2	14.74	16.04	11.01	11.2	10.26	9.23	10.11	10.96	9.95	10.1	10.4	11.29	11.76	12.67	12.27	13.55	13.74	16.85	19.86	21.65	21.14	21.44	22.04	20.295	19.99	21.65	24.6	26.0	23.395	24.74	24.96	24.39	22.41	30.44	31.71	31.31	32.66	37.57	46.85	52.66	50.77	59.88	51.19	40.82	45.54	50.13	62.11	61.38	67.88	72.44	63.85	63.1	60.0	68.64	90.18	98.76	97.99	65.84	60.6	62.69	56.16	58.3	61.11	61.73	61.44	42.17	39.27	37.8
aaon	21.846999999999998	20.613000000000003	20.868000000000002	22.326999999999998	22.808000000000003	22.434	23.258000000000003	22.601	21.348000000000003	22.053	23.043000000000003	23.326	23.69	24.021	23.483	22.298000000000002	23.179000000000002	23.915	23.198	23.622	23.002	22.166	21.89	22.55	21.771	21.476	22.56	21.929000000000002	20.186	19.547	20.266	19.241	19.261	20.768	20.788	20.934	24.015	23.11	24.075	23.825	23.064	22.5	23.250999999999998	20.967	19.604	20.68	20.8	20.226	21.146	25.219	25.061	26.325	26.465	26.612	27.046999999999997	26.691999999999997	26.218000000000004	27.473000000000003	26.929000000000002	27.848000000000003	27.353	26.462	25.836	26.351999999999997	27.215999999999998	27.633000000000003	26.392	26.104	27.364	27.454	27.761	28.595	27.345	28.198	28.953000000000003	29.28	28.635	29.28	27.345	32.804	32.804	32.584	32.933	32.634	33.281	32.584	32.285	34.527	33.381	34.228	34.527	35.175	34.826	36.869	34.926	34.626999999999995	34.178000000000004	36.071	37.317	36.819	35.324	36.321	36.769	37.95	36.15	36.4	37.25	37.15	34.4	33.7	33.1	31.7	32.0	31.85	32.95	33.4	35.45	34.25	34.2	34.8	34.65
aap	160.51	159.01	147.34	158.52	156.37	161.65	154.36	154.08	145.85	148.41	148.79	145.12	148.43	150.88	142.4	144.16	151.25	156.58	155.96	160.56	162.64	158.7	161.47	169.05	167.69	174.44	171.34	183.76	175.81	174.66	177.98	174.2	191.02	190.61	192.92	193.61	199.64	161.07	162.06	157.4	151.24	149.06	151.74	148.38	143.85	151.01	147.49	137.99	147.42	152.89	153.31	157.53	161.33	160.05	160.07	156.72	155.69	151.13	143.69	153.13	150.31	152.15	154.1	160.65	164.47	164.02	165.84	168.26	166.32	157.69	157.32	161.51	148.61	148.97	146.67	146.49	141.96	138.95	135.93	142.63	169.97	170.44	175.25	173.5	170.16	169.37	172.74	167.24	162.1	163.8	160.91	156.44	154.91	152.17	147.64	142.88	141.58	146.68	140.37	145.96	144.4	131.83	135.41	131.49	120.03	115.98	101.11	100.24	106.63	110.46	107.27	95.13	95.06	93.471	99.447	97.94	98.98	89.4	86.92	81.93	80.71
aapl	107.84	102.01	101.12	107.06	112.32	118.67	123.07	122.67	118.32	122.09	118.07	121.02	120.03	122.22	118.94	121.79	124.23	126.01	123.47	121.37	121.78	119.7	114.59	123.72	117.17	109.41	110.47	107.98	108.6	107.67	111.59	110.24	105.82	106.99	109.08	114.34	116.42	108.15	113.35	111.95	111.84	102.09	104.68	92.85700000000001	93.512	96.266	92.76100000000001	90.7	93.77799999999999	97.309	97.885	102.41	101.82	106.3	108.44	102.57	90.73899999999999	90.366	91.04700000000001	96.99799999999999	95.361	94.796	93.404	91.934	94.154	97.22200000000001	94.14399999999999	103.02	105.68	107.08	104.59	106.1	113.15	110.36	110.18	113.88	114.68	112.1	107.11	104.04	110.03	107.76	112.15	114.8	114.92	116.04	118.1	119.95	126.5	130.6	135.12	138.18	137.08	138.36	139.25	143.1	140.17	140.63	144.89	152.21	149.12	152.72	152.78	145.5	144.78	142.61	143.97	148.95	152.31	154.4	156.92	156.65	162.33	160.68	159.31	150.01	153.92	155.99	155.42	162.47	173.63
aat	37.97	39.167	40.698	41.799	40.931999999999995	39.605	39.874	38.596	38.175	40.629	40.301	40.946999999999996	39.117	38.846	37.389	37.952	38.281	37.878	37.154	37.414	38.236	37.053000000000004	38.178000000000004	38.992	39.133	38.792	38.943000000000005	39.416	37.253	36.269	37.318000000000005	37.955	39.4	40.266	41.246	40.742	39.275999999999996	37.175	38.165	37.033	36.821999999999996	36.61	37.672	36.266999999999996	35.079	36.046	35.501	33.204	34.842	35.96	36.373000000000005	37.298	37.046	37.499	36.891999999999996	36.258	38.214	40.658	38.896	38.204	39.812	39.917	39.656	40.643	42.038999999999994	43.251999999999995	44.152	43.727	43.938	43.019	43.183	44.027	41.104	43.093999999999994	41.407	39.342	39.555	37.489000000000004	37.441	39.975	39.604	38.25	41.845	42.326	41.38399999999999	42.903999999999996	42.354	42.581	41.698	43.071000000000005	43.729	42.964	40.029	41.791000000000004	40.853	41.317	43.458999999999996	43.617	42.66	39.51	38.275999999999996	39.037	39.085	40.726	39.275	39.643	38.003	39.782	39.851	40.04	39.513000000000005	40.169000000000004	40.05	40.486999999999995	40.58	40.04	40.59	41.37	39.87	39.42	38.51
aau	0.92	0.99	1.15	1.2	1.13	1.09	1.1	1.07	0.9	0.95	0.93	0.88	0.8	0.81	0.81	0.8	0.93	0.89	0.88	0.88	0.86	0.84	0.77	0.73	0.58	0.69	0.68	0.64	0.53	0.53	0.51	0.53	0.56	0.53	0.62	0.59	0.55	0.53	0.51	0.52	0.52	0.59	0.7	0.643	0.5685	0.6119	0.62	0.66	0.7714	0.7090000000000001	0.69	0.735	0.6676	0.6756	1.16	1.17	1.149	1.05	1.21	1.04	1.14	1.08	1.21	1.56	1.47	1.44	1.32	1.47	1.68	1.65	1.43	1.63	1.3893	1.43	1.327	1.21	1.28	1.29	1.39	1.18	1.15	1.06	1.1	0.7979999999999999	0.995	0.9997	1.01	1.04	1.16	1.23	1.17	1.16	0.99	1.03	1.11	1.2	1.65	1.5	1.44	1.3	1.35	1.42	1.41	1.385	1.34	1.3	1.17	1.25	1.235	1.12	1.1	1.11	1.19	1.31	1.2	1.17	1.1177	1.171	1.14	1.0112	0.96
aav	4.67	4.47	4.42	4.18	4.45	4.65	5.39	5.2	5.12	5.42	5.31	5.74	5.78	5.98	6.19	6.09	5.81	6.0	5.98	6.31	6.44	6.32	6.21	5.73	5.33	5.64	5.54	5.13	5.39	5.44	5.55	5.4	5.63	6.19	6.02	5.43	5.85	5.5	5.23	5.13	4.62	4.65	5.09	4.74	4.7	5.34	5.5	5.36	5.31	5.12	5.42	5.62	5.18	5.12	5.43	5.45	5.72	5.19	5.86	5.93	5.94	5.69	5.63	5.69	5.81	6.48	6.38	6.37	6.77	7.25	7.04	7.05	6.73	6.73	7.25	7.35	7.68	7.03	6.4	6.65	7.0	7.3	7.3	6.75	6.8	6.6	6.5	6.65	6.45	6.5	6.45	6.05	5.9	5.95	6.4	6.85	6.7	6.5	6.25	6.1	6.5	6.4	6.15	6.25	6.05	6.65	6.7	7.05	7.1	6.55	6.45	6.35	6.35	6.4	6.4	6.65	6.1	5.6	5.5	5.2	5.75
aaww	49.16	46.48	45.48	47.21	47.07	49.97	47.23	45.28	44.98	46.94	44.62	42.51	44.69	42.98	48.74	56.52	58.76	58.05	53.9	54.68	55.64	54.96	52.21	51.33	48.7	48.02	45.17	41.88	41.57	38.86	39.75	36.22	35.98	40.99	40.64	40.27	39.41	39.33	40.76	40.76	40.27	39.59	41.83	35.92	33.37	35.87	35.0	35.47	36.88	37.39	38.65	41.65	40.36	39.46	40.84	40.29	39.94	46.02	42.66	44.97	42.75	44.7	43.23	40.2	40.97	43.26	41.75	38.25	35.02	34.83	35.81	40.19	38.63	40.67	42.21	42.44	42.75	42.05	43.25	50.5	50.9	49.75	52.8	50.5	52.3	50.75	50.85	54.45	52.3	51.9	53.3	57.8	54.2	54.7	51.85	54.05	55.25	57.25	57.9	52.35	46.1	50.05	52.45	53.55	50.3	51.0	56.25	58.7	58.45	65.2	60.65	61.8	64.85	66.25	65.7	66.0	68.25	65.7	63.0	62.25	60.85
aaxn	26.71	25.98	25.23	27.89	25.8	26.27	27.58	22.64	21.84	23.96	24.21	24.51	26.83	29.5	30.19	31.94	32.43	31.41	31.36	33.99	34.0	33.31	32.4	34.0	30.33	26.23	23.25	21.7	23.71	24.28	24.02	24.04	22.59	24.22	22.095	23.48	20.16	17.4	18.24	18.03	17.73	16.89	17.41	16.59	14.63	15.85	15.06	15.41	17.26	19.44	19.54	18.88	18.31	18.54	19.52	18.67	18.27	18.56	20.7	21.95	22.775	22.75	23.12	24.22	27.3	27.99	28.66	28.72	29.12	29.11	28.76	26.13	25.545	28.095	24.29	22.4	23.22	22.52	21.98	27.51	27.99	27.72	23.85	23.99	24.56	24.55	24.82	25.11	25.72	27.34	26.57	24.34	22.49	23.39	22.47	22.0	22.42	23.69	24.75	25.18	24.59	24.99	24.4	24.47	26.02	25.17	25.02	25.24	25.22	25.0	22.36	22.08	21.62	21.49	22.3	22.59	23.2	23.92	24.62	22.92	23.22
ab	20.22	19.552	19.921	20.509	19.049	19.529	21.794	23.276999999999997	22.5	24.362	24.2	24.498	25.461	25.171	25.148000000000003	25.366	25.38	25.683000000000003	25.464000000000002	25.283	24.755	24.031	23.372	23.191999999999997	21.769000000000002	23.615	23.094	22.605999999999998	22.615	21.895	22.555999999999997	21.745	21.438000000000002	22.083000000000002	21.936	22.11	21.285999999999998	20.629	21.766	19.695	20.454	19.594	20.771	18.887	16.364	16.044	15.237	14.235	16.288	17.428	19.044	19.959	19.467	20.746	20.564	20.840999999999998	20.296	19.969	19.660999999999998	20.557	20.636999999999997	20.278	20.189	20.180999999999997	20.382	20.945	21.2	19.336	19.246	19.712	19.756	19.73	20.357	20.679000000000002	20.403	19.569000000000003	19.704	19.479	19.259	21.82	21.684	20.951999999999998	21.226999999999997	20.723000000000003	21.502	22.278000000000002	21.180999999999997	21.456	21.593000000000004	21.409000000000002	22.599	22.101	21.441999999999997	21.019000000000002	20.313	21.206999999999997	21.583000000000002	21.535999999999998	20.831	20.23	20.182000000000002	20.422	21.767	22.345	22.393	22.393	23.113000000000003	23.69	23.93	23.824	23.285	22.893	22.746	22.893	23.726	23.971	24.02	24.756	24.609	25.785	25.45
abac	8.0	7.4	6.8	6.94	5.8	5.92	6.68	6.4448	6.44	5.8	6.24	6.08	6.04	6.6	7.04	6.8	6.52	6.68	6.32	6.4	6.0	5.92	5.44	4.32	4.4	4.8	4.36	3.8	3.16	3.0	3.12	2.7536	2.24	2.0	2.08	2.4	2.48	2.68	2.56	2.8	4.72	4.2	3.96	3.6008	3.68	2.6	2.6384	3.08	2.4804	2.4	2.3996	2.56	2.8	2.7	2.56	2.5136	2.6232	2.8	2.43	2.7039999999999997	2.5644	3.12	3.12	3.12	3.2356	2.9848	2.96	2.6	2.6804	3.16	3.04	2.4884	2.15	2.09	2.01	2.076	2.22	2.7233	2.7367	2.86	2.59	3.2101	3.39	3.45	3.7	3.7	3.6	3.79	3.52	3.56	2.74	2.6824	2.46	2.3	2.46	2.3	2.56	2.2	1.71	1.73	1.8	2.02	2.03	2.145	2.03	2.1	2.1901	2.42	2.22	2.295	2.09	2.06	2.29	2.1991	2.35	2.17	2.5	3.42	3.43	3.5334	3.4
abax	56.32	55.562	55.123999999999995	58.071999999999996	57.868	56.895	58.549	60.964	60.701	61.57899999999999	62.601000000000006	60.701	62.768	61.647	62.379	52.88399999999999	51.898999999999994	52.06399999999999	51.568000000000005	50.162	51.891000000000005	50.28	49.323	53.141000000000005	47.945	48.199	47.143	46.196000000000005	46.772	47.716	46.952	45.88399999999999	44.229	44.7	44.65	52.364	51.758	49.956	53.762	52.747	52.571999999999996	50.196000000000005	55.917	52.07	50.06	51.464	41.614	37.915	38.661	38.375	41.041000000000004	41.2	41.545	43.147	45.115	45.016000000000005	44.582	44.367	43.03	45.185	45.755	44.916000000000004	45.35	45.519	50.253	52.63	48.083	48.70399999999999	49.021	48.34	50.13399999999999	48.611999999999995	48.395	51.5	51.41	51.756	51.806000000000004	46.595	45.815	51.836000000000006	50.797	50.696999999999996	53.602	51.41	51.281000000000006	53.135	47.653	47.583999999999996	50.498000000000005	49.794	49.68600000000001	50.085	48.583	49.041000000000004	47.997	47.111999999999995	46.773999999999994	48.603	45.57	47.728	46.744	48.673	50.29600000000001	51.512	51.333	52.519	52.036	50.81399999999999	51.103	46.119	46.507	46.398	45.68	45.42	44.25	44.75	45.58	45.96	46.8	49.32	47.02
abb	19.355	17.999000000000002	18.061	17.811	17.909000000000002	18.637	19.363	19.255	18.134	18.887	19.094	19.444000000000003	19.57	19.614	19.543	20.179000000000002	20.419	20.188	21.331	20.989	20.676	19.248	18.445999999999998	19.035999999999998	18.301	18.636	18.897000000000002	17.938	17.976	17.697	17.500999999999998	16.144000000000002	16.618	17.427	16.869	17.445	17.753	17.008	17.175	17.213	16.776	16.255	16.953	15.437000000000001	14.935	15.502	16.023	15.502	16.637	16.925	16.934	18.059	17.65	17.753	18.394000000000002	19.24	19.631	18.971	18.897000000000002	19.24	19.482	18.85	19.798	18.078	18.276	19.272000000000002	20.278	20.307000000000002	21.293000000000003	21.331999999999997	21.186	21.854	21.515	21.901999999999997	21.776	21.631	21.709	19.852	19.726	20.461	20.065	19.91	20.287	20.442	20.345	20.886999999999997	21.593000000000004	22.724	22.888	22.124000000000002	22.211	22.221	21.622	22.502	22.598000000000003	22.685	22.153000000000002	23.32	24.57	24.56	24.7	25.07	25.53	25.34	25.19	24.74	24.75	25.02	23.39	23.48	22.83	22.76	22.92	23.93	24.43	24.65	25.09	25.17	25.37	25.36	26.28
abbv	60.383	60.193999999999996	56.983999999999995	56.931000000000004	55.861000000000004	51.367	55.544	54.783	50.596000000000004	54.265	51.891000000000005	52.201	56.388000000000005	58.946000000000005	59.074	59.604	59.941	61.56100000000001	61.593	61.25899999999999	64.062	61.385	62.098	64.418	63.82	64.381	63.276	62.108000000000004	58.886	55.747	54.773	52.067	51.376999999999995	51.331	50.931000000000004	49.472	58.306999999999995	55.603	56.801	53.61600000000001	51.81399999999999	51.777	55.222	53.141000000000005	53.823	54.68600000000001	53.353	48.978	51.888000000000005	52.882	52.93	51.925	52.668	54.949	55.968999999999994	58.158	57.808	60.367	57.097	58.016000000000005	61.596000000000004	56.793	56.84	58.575	60.802	60.762	61.611999999999995	63.64	64.003	64.146	61.67100000000001	62.11	60.562	62.12	60.446000000000005	59.643	59.268	59.29600000000001	54.067	60.753	56.854	57.077	59.373999999999995	60.028999999999996	60.078	61.545	60.284	59.817	59.339	58.881	60.256	61.23	62.857	64.017	64.417	63.452	63.355	62.813	65.432	65.127	64.339	65.274	66.445	68.571	70.214	71.336	70.697	71.73	72.087	70.498	70.141	70.21	73.378	81.21300000000001	86.765	85.97	89.079	91.74	96.48	91.93	92.96
abc	87.916	88.249	87.695	91.964	91.76299999999999	94.73700000000001	98.13799999999999	99.212	99.039	107.48	107.86	108.3	109.69	109.51	109.98	110.96	109.32	109.57	107.55	106.27	107.84	102.58	105.02	109.21	103.59	102.45	100.7	100.0	97.586	97.76299999999999	102.83	98.65299999999999	91.818	90.666	90.145	94.324	94.7	93.76799999999999	95.845	95.961	98.961	98.891	101.71	95.652	90.059	88.594	85.41799999999999	82.07799999999999	85.46799999999999	85.206	85.34299999999999	83.696	84.28	83.51100000000001	83.00399999999999	89.49600000000001	82.935	75.402	72.635	72.485	74.931	74.806	74.961	75.637	80.2	84.223	83.91	88.001	87.08200000000001	87.31700000000001	84.822	86.236	82.74799999999999	81.893	78.738	78.237	78.964	78.12899999999999	69.25399999999999	79.928	77.416	76.814	77.9	77.426	77.35600000000001	83.726	84.9	84.741	86.934	90.014	90.21700000000001	91.427	87.838	86.76799999999999	86.71799999999999	86.17299999999999	86.064	80.55199999999999	81.77199999999999	86.77799999999999	85.529	90.7	92.9	92.58200000000001	95.19	95.329	92.074	90.959	93.786	81.342	79.66	78.04	78.56	82.56	81.6	80.98	82.88	80.32	82.2	76.38	74.86
abcb	25.429000000000002	23.953000000000003	22.495	23.766	24.628	24.314	25.429000000000002	25.429000000000002	24.881	25.498	25.85	25.909000000000002	25.938000000000002	25.155	24.488000000000003	24.636	24.909000000000002	24.771	24.81	25.712	25.261	24.828000000000003	25.232	25.616999999999997	25.458000000000002	27.276	27.266	27.195999999999998	26.313000000000002	27.166	28.06	27.787	27.636999999999997	28.021	28.366	31.798000000000002	31.66	31.71	33.549	33.639	32.939	32.547	34.346	31.066999999999997	29.244	26.811999999999998	27.421999999999997	24.713	26.103	27.175	27.255	28.663	28.339000000000002	27.991999999999997	29.453000000000003	30.745	30.982	30.340999999999998	29.788	31.575	30.904	30.46	29.048000000000002	28.872	29.239	30.415	32.659	32.431	33.015	33.211999999999996	33.716	35.387	34.794000000000004	35.249	34.716	35.548	35.588	35.885999999999996	35.788000000000004	42.181000000000004	43.718	44.06399999999999	46.791000000000004	42.975	44.263000000000005	43.815	41.431000000000004	45.45399999999999	44.56	46.148999999999994	48.63399999999999	47.69	45.702	47.342	44.361000000000004	45.158	43.813	46.104	47.148999999999994	46.501999999999995	43.465	44.909	43.863	47.996	46.203	48.647	47.998000000000005	46.701	45.853	45.354	43.158	43.358000000000004	43.707	41.312	43.258	45.053999999999995	48.5	50.7	48.1	48.8	47.9
abcd	1.66	1.75	1.8	2.54	2.69	2.58	2.66	2.75	3.01	3.05	3.22	3.14	2.99	3.0	2.95	2.97	3.78	3.74	4.11	4.28	4.18	4.27	4.73	5.03	4.83	4.78	4.29	4.67	5.28	5.13	4.92	4.91	4.8	4.83	5.02	4.84	5.33	5.28	5.19	5.06	4.99	5.11	5.07	4.78	4.44	4.62	4.49	3.67	4.25	4.44	4.5	4.39	4.4	4.14	4.01	4.38	4.55	4.3	4.11	4.67	4.68	4.64	4.58	4.47	4.74	4.97	4.88	4.87	4.89	4.77	4.81	5.04	5.27	5.56	5.42	5.34	5.17	5.01	4.97	5.02	4.98	4.83	4.9	4.99	5.0	5.03	5.16	5.27	5.1	4.94	4.85	4.86	4.71	5.08	5.06	4.86	4.86	4.9	4.92	5.16	4.98	5.02	5.06	4.97	4.86	4.96	4.99	4.83	4.85	4.81	5.22	5.15	5.38	6.22	6.14	6.39	6.3	6.49	6.16	5.95	6.23
abco	49.75	48.47	47.75	48.0	49.75	53.39	53.5	54.88	51.83	52.31	51.1	53.96	52.66	51.98	51.89	48.95	48.63	49.58	50.87	52.67	53.63	54.67	57.14	58.59	57.02	59.36	49.82	51.18	49.61	49.02	48.27	47.03	42.3	47.84	47.9	44.22	44.21	52.64	51.62	54.21	51.55	49.08	50.82	46.38	44.15	43.24	43.57	39.19	36.77	29.82	28.5	29.17	30.71	32.35	32.02	31.49	31.64	33.91	32.7	32.31	33.82	33.26	35.16	34.56	37.42	39.0	37.57	41.44	41.48	41.59	42.18	43.5	43.3	43.58	43.5	43.02	43.1	40.36	36.0	32.85	36.95	32.5	33.95	32.75	32.7	36.35	40.55	44.0	47.05	47.25	46.65	45.85	44.95	44.6	46.8	46.65	47.15	47.5	50.8	51.65	50.9	51.4	52.35	51.0	51.3	51.05	56.45	56.75	56.05	55.15	52.05	51.65	53.05	53.3	53.5	53.4	53.85	53.9	53.9	53.9	53.15
abdc	9.4365	9.606	9.568	9.525	9.621	9.999	10.139	10.37	10.22	10.273	10.331	10.288	10.698	10.548	10.394	10.448	10.607000000000001	10.532	10.425	10.418	10.433	10.318	9.501	10.107999999999999	9.875	9.65	9.703	10.107999999999999	9.509	9.975	9.991	9.991	9.2891	9.955	9.715	9.602	9.4345	9.665	9.4985	9.779	9.651	9.1306	9.602	9.734	8.6468	8.5312	8.8366	7.4364	7.5517	8.5151	8.3666	8.8366	9.4287	9.977	10.019	9.876	10.019	9.798	10.155	10.248	10.435	10.359000000000002	10.367	10.561	10.675	10.561	10.648	10.665999999999999	10.806	10.779000000000002	10.911	11.059000000000001	11.075999999999999	11.511	11.679	11.375	11.285	11.85	11.564	11.026	10.677	10.497	10.613	11.115	11.294	11.589	11.450999999999999	11.229000000000001	10.945	11.386	11.672	11.497	11.652999999999999	12.234000000000002	12.655999999999999	13.161	13.265	13.502	13.322000000000001	13.474	12.811	12.67	12.509	12.632	12.698	13.089	13.06	12.061	11.517999999999999	11.353	10.413	10.315999999999999	10.18	10.675	10.607000000000001	10.684000000000001	10.39	10.54	10.02	9.89	8.67
abe	12.685	12.705	12.818	12.748	13.122	12.915999999999999	12.856	13.044	13.082	12.777999999999999	12.237	12.395	12.355	12.974	12.984000000000002	13.190999999999999	12.925999999999998	12.984000000000002	13.132	12.63	12.542	12.610999999999999	12.482999999999999	12.600999999999999	12.758	12.856	12.365	12.119000000000002	11.647	10.507	10.645	10.744000000000002	11.038	10.331	11.225	11.402000000000001	11.323	11.343	11.068	10.96	11.068	10.852	10.674000000000001	10.734000000000002	10.498	10.033999999999999	9.662	10.213	10.085	10.270999999999999	10.242	10.875	10.96	11.206	11.51	11.52	12.030999999999999	11.937000000000001	11.470999999999998	11.628	11.333	11.549000000000001	12.050999999999998	11.775	11.794	12.15	12.345	12.405	12.345999999999998	12.693	12.577	12.495	12.663	12.386	12.554	12.527000000000001	12.267000000000001	12.335999999999999	12.217	11.981	11.216	11.167	11.167	11.137	10.8	11.245999999999999	11.395	11.434000000000001	11.494000000000002	11.784	11.989	12.069	12.029000000000002	12.078	12.455	12.95	13.280999999999999	13.258	13.405999999999999	13.475999999999999	13.763	13.743	13.713	13.722999999999999	13.822000000000001	13.793	13.664000000000001	14.06	14.09	14.21	13.83	13.75	14.0726	14.0292	14.15	14.2715	13.94	14.65	14.68	14.43	14.44
abev	5.6926	5.7303	5.942	6.166	6.0822	5.8764	5.942	5.9102	5.3754	5.3942	5.3192	5.807	5.8634	5.8916	5.9383	6.2575	5.9853	5.4879999999999995	5.4832	5.6151	5.7941	5.7469	5.5962	5.8034	5.2384	5.3514	5.1157	4.9932	5.031000000000001	4.8331	4.7868	4.502	4.8344	4.843999999999999	4.73	4.6444	4.8059	4.6824	4.8059	4.5779	4.4639999999999995	4.2171	4.4783	3.9330000000000003	3.8852	3.9808	4.4624	4.27	4.5202	4.4433	4.8086	4.8567	5.0682	4.8952	5.0394	5.1837	5.376	5.1163	5.0682	5.0682	5.3087	5.2029	5.2221	5.6165	5.6742	5.6404	5.6984	5.5435	6.0079	5.9789	5.7563	5.9983	5.7758	5.8726	5.9306	5.8434	5.9983	5.9596	5.2995	4.8896	4.9384	4.6456	4.7725	4.7237	4.8466	5.0242	5.271	5.4303	5.4006	5.4105	5.7474	5.6979	5.3213	5.4601	5.579	5.7276	5.579	5.5889	5.7177	5.8862	6.1735	5.6682	5.6682	5.47	5.3709	5.47	5.59	5.89	5.94	6.15	6.12	6.18	6.23	6.46	6.81	6.75	6.76	6.79	6.82	6.39	6.24
abg	77.54	75.01	70.12	77.18	78.8	78.74	78.87	79.29	75.18	78.55	80.05	85.01	85.45	86.97	84.03	85.84	86.85	86.92	87.08	87.62	89.56	90.62	90.03	95.17	83.13	84.04	82.08	79.63	80.25	81.92	83.16	82.08	83.57	84.12	87.27	80.06	80.35	68.98	74.44	74.61	73.02	66.76	69.38	55.62	48.06	49.09	45.2	49.1	54.49	59.11	59.0	58.99	59.34	56.21	59.12	57.08	60.62	56.99	54.05	55.04	54.8	54.1	54.82	53.62	54.63	59.22	61.44	56.02	56.65	53.94	53.61	55.15	55.58	55.62	54.73	54.75	55.95	50.35	49.3	57.95	58.9	58.6	63.45	63.5	62.1	61.75	64.55	67.45	64.7	65.65	69.45	65.45	61.5	61.9	61.3	56.75	59.05	61.35	61.65	58.45	55.75	55.8	56.5	57.45	52.7	55.85	54.7	56.25	53.8	53.35	52.25	50.85	50.85	54.8	58.45	60.15	62.3	58.55	55.05	60.9	61.65
abio	6.5751	5.95	5.39	5.04	4.9	4.6088	4.8825	5.04	6.44	5.6	5.32	6.3	6.37	6.1649	5.6	5.88	5.81	5.18	6.02	6.51	6.86	8.05	7.77	9.24	7.91	7.56	7.0	6.3	6.09	6.62	6.4	5.9	5.27	5.195	5.14	5.07	5.23	5.01	5.72	5.6	5.48	4.89	4.99	4.42	3.56	3.98	3.645	3.44	3.55	3.5	3.81	3.73	3.55	3.54	3.45	3.6	4.21	3.63	3.34	3.36	3.29	3.09	2.98	2.99	3.14	3.07	3.0	3.07	2.99	3.05	2.98	2.9	2.9801	2.85	2.8	2.54	2.53	2.4	2.25	2.475	2.3	2.4	2.4	2.35	2.9	2.8	2.65	2.55	2.5	2.55	2.55	2.55	2.5	2.6	2.575	2.45	2.3	2.6	2.65	2.45	2.4	2.35	2.35	2.325	2.45	2.4	2.65	2.4	2.375	2.0	1.45	1.15	1.15	1.1	1.2	1.15	1.3	1.55	1.3	1.3	1.2
abm	27.738000000000003	27.613000000000003	27.633000000000003	27.947	28.699	28.05	29.076999999999998	29.59	27.643	30.017	30.131999999999998	30.651999999999997	30.576999999999998	30.414	30.587	30.671	30.549	31.291999999999998	31.217	31.521	31.894000000000002	31.522	30.467	31.281999999999996	31.041999999999998	31.579	31.705	31.609	30.61	28.52	28.758000000000003	27.513	26.601	27.787	27.334	27.855	27.517	27.451	28.455	28.77	27.663	27.171	28.377	25.926	27.303	28.487	28.487	29.244	30.845	30.476999999999997	30.904	30.836	30.671	31.075	31.621	31.232	31.377	32.06	32.08	32.556999999999995	33.318000000000005	35.805	35.64	34.86	36.076	36.301	36.762	36.516999999999996	37.242	37.076	37.262	37.87	38.625	38.917	39.232	37.594	37.249	37.673	37.673	42.238	43.70399999999999	42.345	42.315	39.619	39.769	39.332	39.312	40.191	39.549	40.073	40.31	40.655	41.84	44.015	42.788999999999994	42.198	42.108000000000004	42.724	43.04	42.852	41.096000000000004	41.96	43.328	41.066	41.106	41.256	40.519	42.839	44.403	44.571999999999996	43.088	42.869	43.636	39.881	39.403	39.711999999999996	42.66	43.07	42.52	42.29	40.63
abmd	38.48	37.28	37.11	39.57	52.89	58.9	60.35	62.19	59.09	60.44	69.03	70.87	67.49	69.31	63.22	67.37	68.66	61.85	63.31	63.65	68.36	65.73	65.72	72.33	72.72	88.8	100.65	102.19	98.23	96.2	98.4	97.49	90.3	82.98	94.42	98.58	81.61	80.12	81.73	84.72	84.63	87.6	92.83	81.92	87.41	86.62	84.81	72.77	82.45	84.02	87.4	85.57	90.48	95.14	98.57	102.11	97.14	96.41	94.13	98.94	101.81	101.77	101.75	108.16	114.15	117.47	114.27	118.58	124.09	121.43	120.71	119.05	123.15	123.54	127.8	127.58	127.87	103.32	104.7	110.01	111.02	107.39	116.92	116.74	112.78	115.42	114.02	114.82	104.1	108.64	117.81	121.29	120.17	123.97	125.26	124.08	125.48	125.03	133.57	130.88	130.54	135.88	141.79	140.65	145.5	140.24	141.15	144.34	145.08	147.89	151.37	153.32	145.39	153.85	158.58	160.31	168.78	172.66	172.21	181.07	196.455
abr	5.318	5.6012	5.3807	5.4359	5.6799	5.8214	5.6404	5.7845	5.6006	5.6324	5.5925	5.6324	5.5603	5.5603	5.4963	5.6006	5.6623	5.8753	5.687	5.7361	5.6378	5.5396	5.4821	5.6297	5.4576	5.5313	5.4508	5.4676	5.2747	5.3083	5.3167	5.5011	5.3083	5.4257	5.3753	5.3753	5.3167	5.6521	5.7206	5.8064	5.7463	6.2267	6.0895	6.0981	5.5578	5.4462	5.5062	5.1803	5.4462	5.712000000000001	5.8052	5.9366	5.9015	5.8315	5.9103	5.9279	5.8578	6.1383	6.0556	6.1362	6.2617	6.1899	6.0825	6.3512	6.396	6.405	6.3333	6.4946	6.5125	6.6859	7.0614	7.2537	6.8873	6.9699	6.7042	6.7225	6.6951	6.7225	6.6126	6.86	6.997999999999999	6.9794	7.0355	6.8671	6.9794	7.1478	7.0448	6.9607	6.9138	6.8483	6.9044	6.8952	7.1665	7.6235	7.8149	8.1879	8.2357	8.2739	8.3313	8.3218	7.7555	8.0196	8.0196	8.2152	8.1174	8.2152	7.9315	8.0098	8.0587	8.0391	8.0	8.01	8.0	8.03	8.04	7.98	8.39	8.34	8.42	8.28	8.51
abrn	20.471	20.291	20.730999999999998	20.83	21.026	21.179000000000002	21.179000000000002	21.205	21.247	21.195999999999998	21.272	21.186999999999998	21.39	21.635	21.491999999999997	21.673000000000002	21.666	21.535999999999998	21.302	21.526999999999997	21.433000000000003	21.458000000000002	21.502	21.433000000000003	21.502	21.506	21.488000000000003	21.593000000000004	20.916	20.415	20.635	20.768	20.9	21.250999999999998	21.646	21.61	22.531	22.406	22.146	22.344	22.299	21.787	21.904	22.085	21.655	20.365	20.785999999999998	20.951999999999998	21.160999999999998	21.464000000000002	22.02	22.194000000000003	22.514	22.659000000000002	22.798000000000002	22.787	22.815	22.796	23.271	22.796	23.316999999999997	23.365	23.365	23.494	23.541	23.746	23.781	24.186	24.096	24.002	24.044	24.115	24.011	24.045	24.049	24.162	24.248	24.276	24.451	24.276999999999997	24.256999999999998	24.325	24.509	24.363000000000003	24.363000000000003	24.682	24.605	24.749000000000002	24.945	25.0	24.955	25.131	24.896	24.999000000000002	25.004	25.141	25.092	25.165	25.35	25.43	25.4355	25.59	25.5	25.5253	25.39	25.42	25.48	25.4368	25.49	25.1608	25.09	25.221	25.2759	25.34	25.3	25.47	25.5	25.63	25.61	25.691	25.37
abr_a	23.533	23.783	23.965999999999998	24.144000000000002	24.154	24.33	24.35	24.408	24.389	24.546	24.614	24.693	24.956999999999997	25.12	25.2	25.13	25.55	25.39	25.45	25.75	25.6	25.32	25.09	25.2	24.92	24.95	24.901999999999997	24.62	24.39	24.61	24.96	24.96	25.12	25.2	24.5	23.491	24.84	24.464000000000002	24.4	24.68	24.68	24.84	24.855	25.05	24.685	24.75	24.81	24.4	23.95	24.06	24.6899	23.9	22.7252	24.1299	23.3899	23.25	23.4	23.45	23.9	24.1096	24.0	24.56	24.545	24.65	25.49	24.8	24.78	25.09	24.95	25.14	25.1912	25.63	26.0	25.63	25.7782	25.37	25.35	25.8115	25.2525	25.33	25.2	25.0286	26.18	25.8	25.6688	25.3052	24.8849	25.2601	25.2	25.2233	25.1558	25.3506	25.4787	25.7432	25.22	25.05	25.21	25.74	25.55	25.68	25.66	25.822	25.4355	25.5	25.6609	25.6179	25.51	25.3	25.6	25.69	25.6824	25.5187	25.3831	25.6	25.41	25.3559	25.5	25.4433	25.47	25.45	25.77
abr_b	22.913	23.25	23.316999999999997	23.586	23.566	23.808000000000003	23.846	23.996	23.78	23.927	24.084	24.29	24.094	24.369	23.671999999999997	24.074	24.191999999999997	24.25	24.45	24.38	24.35	24.42	24.87	25.195999999999998	25.08	24.87	25.06	24.65	24.342	24.42	24.569000000000003	24.15	24.45	24.84	24.7	24.61	24.88	24.4	24.24	24.16	24.203000000000003	24.34	24.1	24.256999999999998	24.39	24.15	24.199	24.0	23.79	23.0	21.98	22.56	23.42	21.9	21.65	21.22	21.0	20.87	21.31	21.3	21.43	21.6	22.11	22.29	22.81	23.0501	24.05	23.9	23.97	23.94	24.28	24.27	24.4135	24.75	25.1399	25.2315	25.084	25.166	25.1868	25.535	25.09	25.1	24.75	24.97	25.12	25.1708	24.1371	24.65	24.41	24.6	24.4	24.8972	25.11	25.16	25.3993	25.27	24.9	24.8339	25.1245	25.0048	25.09	25.34	25.4	25.4556	25.1267	25.101	25.3665	25.3103	25.3267	25.49	25.4	25.54	25.22	25.7447	25.2	25.33	25.4	25.5422	25.31	25.488000000000003	25.6
abr_c	23.728	23.916999999999998	24.061	24.166	24.233	24.022	23.983	24.079	23.839000000000002	24.118000000000002	24.396	24.463	24.7	24.719	24.778000000000002	24.866	24.778000000000002	25.268	24.896	24.994	25.326999999999998	25.63	25.51	25.65	25.74	25.6	25.77	25.79	25.936999999999998	25.85	25.8	25.68	25.5	25.68	25.148000000000003	25.06	25.4	25.651999999999997	25.5	25.73	25.13	24.85	25.103	24.98	25.09	24.57	24.853	25.15	25.12	25.345	25.71	26.0	25.8	25.69	25.185	25.0	25.0	22.5	24.39	24.74	23.1601	23.35	23.4	23.5	24.194000000000003	24.49	23.991999999999997	24.340999999999998	24.8593	25.45	25.04	25.039	25.2667	25.4913	25.65	25.87	25.7	25.6601	25.5201	26.3536	26.1274	25.89	25.94	26.3434	25.64	26.0995	26.0624	25.07	25.1916	24.96	25.28	25.7	25.74	25.6	26.18	25.5	25.47	25.22	25.4	25.7	25.9529	26.02	26.4499	25.7254	25.9	26.0738	26.2	26.01	26.2918	26.21	26.1001	26.21	26.049	25.9693	26.0	26.5399	26.3	26.0999	26.52	26.2867	26.57
abt	42.56100000000001	41.776	41.236999999999995	41.425	43.001999999999995	42.157	44.55	44.306000000000004	43.318999999999996	44.465	43.63	43.441	44.042	45.599	43.777	44.861999999999995	46.058	46.218999999999994	45.908	45.898999999999994	47.184	46.286	46.39	47.287	48.035	47.865	47.468	45.989	43.61	41.733000000000004	41.56399999999999	39.744	39.214	39.394	39.785	42.661	43.063	41.9	43.31100000000001	43.102	43.187	41.652	43.673	39.593	38.885	38.52	36.467	34.855	37.561	37.724000000000004	37.675	38.644	39.211	40.323	41.833	42.345	37.539	36.65	36.391	37.326	37.81	36.535	36.411	37.221	40.425	40.867	42.333999999999996	43.644	43.742	42.956	41.994	40.683	39.926	40.965	41.315	39.966	39.094	39.369	38.196999999999996	38.303000000000004	37.228	36.741	38.303000000000004	37.463	37.346	39.847	40.223	39.641999999999996	42.042	42.032	44.263999999999996	44.836000000000006	44.875	44.441	43.96	43.448	43.022	43.071000000000005	43.022	44.2	42.626000000000005	43.486999999999995	46.129	46.96	48.058	48.217	47.722	48.498000000000005	50.15	48.916000000000004	48.299	48.638000000000005	49.901	51.235	51.503	52.349	53.483000000000004	54.17	56.0	55.37	55.01
abus	13.86	14.87	23.25	25.52	24.23	21.95	19.89	17.93	18.09	19.76	17.45	17.07	19.15	18.38	15.47	14.17	13.82	13.85	13.83	14.9	13.17	11.86	11.25	11.28	10.3	10.48	9.1	7.28	7.36	7.05	7.11	7.3	6.2	5.93	6.25	5.99	5.77	5.59	5.42	5.58	4.67	4.75	4.57	4.1	3.7	3.58	3.12	2.95	3.21	3.15	3.88	3.64	3.81	4.35	5.09	5.05	4.96	4.29	3.92	4.2	3.95	3.35	3.17	3.51	3.91	4.2	4.1	4.4	3.68	3.74	3.82	3.715	3.79	3.97	3.48	3.2	2.99	3.2	2.95	2.8	2.7	2.65	3.25	2.6	2.45	2.75	2.85	2.6	2.55	2.55	2.7	2.7	2.75	3.4	3.25	3.25	3.3	3.35	3.35	3.35	3.45	3.5	3.35	3.6	3.7	3.65	3.6	3.8	3.75	3.4	3.6	3.65	4.325	4.625	5.0	6.75	7.65	7.7	6.4	6.05	6.1
abx	10.229	10.854000000000001	11.099	12.387	12.377	11.654000000000002	12.582	12.505	10.466	10.75	11.065	12.357000000000001	12.259	12.122	12.758	12.495	12.927	11.514000000000001	11.504000000000001	11.092	10.984000000000002	10.491	9.99	8.6511	6.7909	6.6925	8.0015	8.1095	7.0388	6.4366	6.6144	6.476	6.486000000000001	7.3152	7.7891	7.5916	7.2659	7.4434	7.0288	7.345	7.5825	7.1568	7.5132	8.6615	7.8201	9.4339	10.622	11.849	12.690999999999999	13.155999999999999	13.571	14.652999999999999	13.492	13.889000000000001	15.911	16.198	19.204	17.24	19.204	17.131	19.037	20.069000000000003	19.017	20.614	22.151999999999997	21.448	20.296	22.252	21.576999999999998	20.455	18.272000000000002	18.788	17.537	17.993	17.279	15.421	17.18	16.742	18.152	14.546	15.252	14.954	15.372	14.168	15.203	16.844	17.153	17.968	18.844	19.391	20.008	18.843	17.657	18.783	19.531	19.391	20.149	19.162	16.302	16.222	17.049	16.232	16.163	16.302	15.713	15.873	15.793	16.083	16.212	17.031	17.011	16.881	17.82	18.0	17.3	16.59	16.27	16.76	16.1	14.68	14.01
aby	23.096	24.399	27.555999999999997	30.62	29.044	29.131	30.381999999999998	28.712	28.659000000000002	29.936999999999998	28.693	30.191999999999997	31.055999999999997	31.014	29.894000000000002	31.208000000000002	32.855	34.348	32.268	31.583000000000002	32.234	27.857	28.666999999999998	27.42	23.924	20.643	20.999000000000002	18.136	20.91	17.952	17.516	16.807000000000002	16.39	18.223	18.35	17.47	17.695999999999998	17.724	15.880999999999998	14.144	14.282	16.581	17.78	16.283	15.463	16.339000000000002	15.288	12.7	14.85	14.785	15.585	16.944000000000003	16.506	15.333	16.236	17.261	16.776	15.409	15.482999999999999	16.302	16.748	15.818	17.009	17.084	18.907	18.712	19.334	18.358	18.396	17.912	17.393	18.347	17.658	17.951	17.96	17.309	17.63	16.817	16.892	16.977999999999998	17.317	16.963	17.315	18.498	18.02	19.06	20.279	20.899	20.451	20.003	20.689	20.227999999999998	20.15	21.146	20.686999999999998	20.491999999999997	20.384	19.662	20.033	19.155	19.594	20.15	20.516	21.039	19.864	21.138	19.869	20.703000000000003	20.516	21.918000000000003	20.861	21.049	20.96	20.72	19.85	19.86	19.44	20.39	21.5	22.26	23.29
acad	31.73	30.98	33.76	31.88	31.105	33.47	36.795	37.97	38.93	34.31	31.2	31.49	37.46	38.75	35.86	36.56	39.17	40.1	41.7	39.78	41.75	39.86	40.59	49.99	48.75	48.19	38.05	38.14	37.91	39.46	42.21	37.85	33.2	32.43	33.97	34.09	42.29	34.97	36.0	37.51	34.29	34.48	35.1	29.24	23.94	24.16	19.04	18.23	19.76	17.26	19.6	19.39	20.31	29.9	33.22	33.69	32.3	29.25	31.72	35.27	36.07	38.1	35.01	32.37	34.63	33.25	36.79	37.17	31.87	33.64	32.62	31.99	34.17	34.98	30.71	26.88	23.41	22.56	21.69	29.06	26.72	26.48	26.76	25.43	28.52	32.61	31.35	31.13	35.23	37.09	39.2	36.63	36.47	37.13	35.65	33.53	33.09	32.21	34.41	32.26	27.06	26.27	26.51	27.25	29.27	28.68	27.6	28.96	30.13	29.59	31.21	30.94	33.91	35.8	36.83	37.67	38.86	35.76	35.83	35.04	32.55
acc	37.374	38.275999999999996	38.911	39.823	39.958	38.703	38.064	37.335	36.714	38.532	37.652	39.344	37.425	37.603	36.162	36.354	35.775	35.801	35.328	35.365	35.573	34.31	34.639	35.473	35.201	33.772	33.899	34.516999999999996	32.207	30.079	31.461	33.659	33.641999999999996	34.801	36.256	37.645	37.626	35.936	37.597	37.17	35.368	37.505	38.641	38.211999999999996	36.558	38.416	40.107	39.48	40.785	41.526	41.31	44.068999999999996	42.876999999999995	43.045	42.445	41.131	41.983999999999995	45.026	44.445	44.066	44.53	45.523999999999994	46.47	49.016000000000005	49.631	48.846000000000004	49.765	50.957	48.913000000000004	48.074	47.95	49.321999999999996	45.754	48.751000000000005	47.262	44.907	48.302	48.31100000000001	46.729	45.636	44.297	44.067	45.75	47.089	46.482	48.715	48.224	47.522	46.818000000000005	47.818000000000005	48.76	49.031000000000006	45.08	45.982	45.876000000000005	46.63399999999999	46.788999999999994	48.159	46.108999999999995	44.099	45.165	46.793	46.93899999999999	46.93	47.381	46.783	45.125	46.93	46.548	46.498000000000005	45.73	47.233999999999995	46.611000000000004	47.907	47.718999999999994	45.245	43.968999999999994	44.651	43.315	41.643	41.583999999999996
acco	9.14	8.33	8.19	8.46	8.14	7.51	7.69	7.63	7.23	7.51	7.87	8.21	8.69	8.47	7.87	7.89	7.95	7.63	7.23	7.48	7.45	7.77	7.43	7.63	7.13	7.8	7.86	7.57	7.6	7.36	7.36	7.35	7.06	8.08	8.27	8.26	8.15	7.66	7.65	7.74	7.82	7.4	7.45	6.23	5.8	5.87	5.91	6.41	7.08	7.57	7.85	7.98	8.52	8.66	9.02	8.71	9.54	9.78	9.65	9.82	10.26	10.25	10.48	9.95	10.64	11.14	11.09	10.06	10.09	10.02	10.05	10.47	9.54	9.77	9.41	9.35	9.19	11.1	10.7	12.35	12.75	12.65	13.1	13.55	13.25	13.15	12.45	13.2	12.65	13.05	12.9	13.9	12.25	13.35	12.95	13.6	13.5	13.75	14.2	12.45	11.6	11.25	11.35	11.65	11.2	11.45	11.9	11.95	12.0	10.75	10.9	10.9	10.9	10.95	11.35	11.65	12.7	12.7	12.75	13.05	13.05
acer	65.008	63.333	66.667	65.425	58.358000000000004	60.092	60.833	68.333	68.333	55.0	50.0	41.667	35.833	35.917	32.5	31.666999999999998	30.833000000000002	43.333	43.333	46.667	45.0	37.083	37.5	42.5	34.167	33.333	33.333	30.833000000000002	31.666999999999998	37.5	40.0	40.0	31.354	32.604	32.604	32.083	32.604	34.375	35.938	37.292	31.666999999999998	31.458000000000002	29.791999999999998	25.521	20.208	20.833000000000002	19.479	17.917	25.208000000000002	24.48	20.729	21.666999999999998	25.000999999999998	27.083000000000002	26.561999999999998	25.0	25.0	24.271	22.083000000000002	33.958	34.271	38.229	39.688	41.562	44.375	42.917	43.021	40.938	43.646	44.167	46.042	45.625	34.583	33.603	33.854	40.938	35.417	35.417	6.9802	5.8344	10.937999999999999	9.586	12.604000000000001	8.9583	9.897	9.698	9.906	10.006	10.833	10.417	11.25	9.896	9.821	9.2188	8.2292	7.9688	7.9688	6.6667	6.875	6.4583	6.25	6.75	6.0937	6.2396	6.0417	6.7708	8.1385	8.8958	9.2708	9.4792	8.4272	8.249	8.5833	9.802	10.625	11.0	14.9	17.75	17.811	17.45	17.9
acet	21.511999999999997	20.172	19.449	19.102999999999998	19.891	19.313	20.19	20.701	20.469	21.426	21.224	21.000999999999998	20.285999999999998	19.494	18.73	20.759	21.348000000000003	23.255	23.825	23.688000000000002	24.726	23.863000000000003	22.651	25.616999999999997	22.826999999999998	22.758000000000003	24.773000000000003	24.165	22.051	22.195999999999998	28.61	28.072	27.232	28.747	29.377	30.572	29.767	23.746	26.737	27.250999999999998	25.261	27.041	26.594	22.138	22.4	22.526999999999997	21.884	19.237000000000002	20.61	21.311	22.098000000000003	21.230999999999998	21.318	21.855	23.035999999999998	23.787	21.884	20.703000000000003	19.61	21.835	21.934	22.049	21.648000000000003	21.307	23.546999999999997	24.660999999999998	24.26	24.76	23.967	23.781	19.517	19.1	18.202	19.188	19.247	18.845	18.491	18.197	16.164	18.845	19.168	19.820999999999998	21.08	21.041	21.148000000000003	21.148000000000003	20.065	19.544	18.579	15.31	15.359000000000002	15.27	14.636	15.050999999999998	14.802999999999999	14.912	14.724	15.1	15.703	13.597000000000001	13.913	14.575999999999999	14.388	15.009	14.770999999999999	15.277000000000001	15.118	15.277000000000001	15.395999999999999	16.052	15.784	15.734000000000002	10.569	10.35	10.44	11.14	11.68	11.33	11.26	10.48	9.73
acfc	4.0	3.97	3.88	3.91	3.65	3.78	3.92	4.05	4.0	4.09	4.02	4.09	4.2	4.181	4.2	4.28	4.26	4.19	4.24	4.25	4.53	4.45	4.39	4.69	4.5	5.08	5.6	6.23	5.59	5.57	5.51	5.62	5.73	6.22	6.42	6.47	6.38	6.08	6.0	5.9	5.97	5.95	5.4401	6.04	5.72	5.4	5.75	5.43	5.57	5.62	5.68	5.91	5.83	6.18	6.23	6.3	6.42	6.446000000000001	6.47	6.37	6.3	5.96	5.98	6.02	6.07	6.0	6.01	6.0	5.95	6.14	6.6499	6.68	6.31	6.39	6.38	6.3	6.68	6.52	6.43	6.8	6.98	6.99	7.12	7.18	6.84	7.3453	7.16	7.39	7.37	7.63	7.67	7.88	7.76	7.93	7.75	7.55	7.62	7.99	7.82	7.71	7.81	7.68	7.65	7.67	7.93	7.89	7.91	7.85	7.78	7.85	7.68	8.04	8.42	8.07	8.33	8.62	8.7	8.57	8.9	8.99	8.44
acgl	59.46	58.61	59.12	59.73	59.61	60.25	60.04	59.64	59.8	62.72	61.94	62.05	62.93	61.29	60.68	62.67	64.22	64.03	64.21	65.65	67.16	66.96	68.62	69.3	70.09	72.0	72.32	72.05	68.17	69.65	70.41	71.25	74.34	76.14	77.61	77.65	74.53	73.36	73.93	72.83	70.52	70.08	71.24	69.14	66.48	66.25	66.59	66.72	68.72	68.68	68.8	70.08	70.2	70.63	70.41	69.37	70.49	70.4	70.94	71.7	72.14	70.25	69.85	69.9	70.77	69.41	69.67	73.87	75.11	79.55	79.5	83.15	80.74	80.29	78.92	77.51	78.85	77.03	77.18	81.38	80.96	83.3	86.19	87.09	86.0	86.47	86.75	88.68	89.94	92.99	93.65	95.73	94.2	95.6	93.29	95.66	93.92	94.99	96.99	95.37	94.43	95.04	98.33	93.91	94.32	94.17	95.47	96.79	99.03	97.7	96.14	96.43	96.4	91.53	96.41	98.04	100.08	98.59	101.16	99.71	95.55
ach	11.67	13.43	12.45	12.09	11.23	11.07	11.58	12.02	11.62	11.99	11.79	13.69	15.56	16.05	16.09	15.43	15.85	15.81	14.66	14.03	12.98	12.45	9.57	9.98	8.86	8.46	9.6	8.47	8.64	8.65	8.75	7.99	8.43	9.08	8.58	8.31	8.05	7.74	7.98	7.97	7.28	7.81	8.39	7.34	6.95	7.4	8.15	7.51	8.43	8.94	8.7	8.93	8.12	8.23	8.93	8.75	8.44	7.67	7.71	7.41	7.64	7.45	7.72	7.6	8.57	8.51	8.4	8.84	8.98	9.11	9.22	9.31	8.93	9.19	9.21	9.25	9.4	9.69	9.35	10.84	11.1	11.5	11.31	10.25	9.97	10.57	11.38	12.93	13.4	13.22	13.32	13.47	12.05	12.58	11.59	12.56	12.51	12.86	12.36	11.55	11.28	11.53	11.3	12.15	12.73	12.72	13.4	15.07	15.88	16.81	16.91	17.46	17.5	18.61	20.5	21.06	23.13	21.81	21.36	20.27	19.24
achc	62.74	60.63	59.065	61.22	58.81	64.73	63.795	66.29	67.31	70.37	70.68	71.02	72.13	71.98	68.5	68.84	72.18	73.85	71.21	71.96	77.99	78.33	79.56	80.97	78.43	77.89	80.38	76.03	74.61	74.18	75.57	73.26	65.34	62.75	65.12	62.76	72.64	67.68	69.72	69.21	66.71	61.05	63.37	61.52	58.34	60.73	60.1	53.18	56.15	55.98	55.07	50.27	53.45	53.89	56.63	60.99	63.19	58.88	57.04	57.83	59.85	59.71	60.4	54.97	53.84	54.49	54.13	52.87	52.19	51.94	51.51	53.07	49.22	49.55	48.89	46.36	40.42	36.96	37.32	39.08	38.29	38.08	36.84	34.87	33.48	36.0	38.03	39.93	38.3	38.88	43.07	44.9	43.09	41.63	44.04	43.87	43.0	43.08	43.94	43.37	42.54	42.52	43.51	45.4	45.39	49.6	49.66	49.84	49.26	52.57	52.38	47.66	45.83	46.48	46.78	46.26	47.51	43.62	44.16	33.25	29.99
achn	12.65	13.4	13.72	15.6	14.5	11.23	12.16	12.35	11.13	11.45	10.0	9.92	10.53	10.01	8.75	9.43	11.03	9.36	9.2	8.24	9.05	8.86	8.54	9.43	8.28	8.11	7.84	7.97	7.76	8.04	7.99	8.45	7.2	7.39	7.86	7.87	8.99	9.97	9.86	9.88	9.9	9.81	10.42	9.0	7.56	7.5	6.45	5.63	6.9	7.59	7.24	7.02	7.29	7.89	8.36	9.03	8.55	8.3	8.02	9.05	9.64	9.11	8.42	7.84	9.14	8.79	8.39	8.72	8.85	8.85	8.4	8.47	8.06	8.7	8.04	7.53	6.89	6.53	4.36	4.74	4.21	3.97	4.34	4.1	4.07	4.45	4.11	4.17	4.21	4.28	4.35	4.08	4.11	3.99	3.89	3.95	3.62	3.64	3.53	3.88	3.78	4.15	4.8	4.26	4.23	4.5	4.6	4.36	4.2	3.9	4.695	4.65	4.98	4.89	3.7	4.2	4.695	4.58	4.16	3.93	4.0
achv	23.87	25.52	24.42	23.21	22.0	23.65	24.97	26.51	24.86	25.52	24.31	23.65	26.07	23.21	22.11	20.9	20.68	25.08	27.61	30.25	30.8	25.63	23.1	29.92	39.6	35.09	35.09	27.5	29.48	29.48	27.72	29.81	25.19	23.21	24.2	24.42	22.99	27.28	26.29	17.93	12.65	12.98	12.98	12.32	7.535	7.15	8.635	6.16	6.3822	6.6	8.47	8.6955	7.931	8.2731	8.58	8.58	10.725	10.01	9.9	11.22	13.2	11.44	11.22	11.44	11.22	10.67	9.57	10.304	9.648	6.325	6.0511	5.6551	5.665	5.587999999999999	5.17	4.763	3.8555	5.0589	4.29	4.718999999999999	5.005	4.8928	5.61	5.236000000000001	5.5099	7.7	6.435	6.1303	6.2238	6.38	6.8189	5.9675	5.8861	5.83	5.17	4.51	4.7278	4.0755	4.29	4.0161	3.85	3.9083	3.9567	3.8984	3.7257	3.85	4.5023	4.8180000000000005	4.62	4.26	3.34	2.75	3.69	3.09	2.77	2.26	2.06	2.0	1.85	2.07	1.4
aciw	20.58	19.03	17.84	19.08	19.31	19.69	20.46	20.47	19.98	21.09	21.52	21.76	21.7	22.17	23.03	23.49	24.15	23.97	24.32	25.35	25.59	24.57	23.62	24.12	22.58	23.57	22.74	22.1	21.38	21.72	21.98	21.68	21.12	22.85	23.06	24.36	23.35	23.36	23.19	23.18	22.16	22.73	22.44	19.6	19.04	18.01	17.8	16.41	18.39	19.63	19.62	19.97	19.09	20.38	20.29	20.7	19.99	20.13	19.37	19.93	20.93	20.81	20.99	19.04	19.38	19.63	19.39	18.89	19.05	18.08	18.77	19.44	18.27	18.94	19.16	18.65	20.04	18.7	17.01	18.53	19.27	18.04	19.84	18.71	18.24	18.78	18.78	19.93	18.85	19.85	20.12	19.71	21.91	22.78	21.47	21.31	20.94	21.5	21.82	23.73	22.15	23.22	23.18	22.98	22.77	22.52	21.83	23.77	24.14	21.95	21.37	21.33	22.07	22.775	22.5	22.81	23.28	23.99	23.93	24.6	23.01
acls	9.96	9.72	9.6	9.92	9.8	10.64	10.8	11.52	10.52	10.12	9.4	10.12	10.56	10.56	10.08	11.68	12.84	12.96	12.4	12.24	11.96	11.84	11.36	11.84	11.28	11.48	12.84	13.4	12.68	13.64	13.48	10.48	10.88	10.92	11.52	11.96	9.52	9.6	9.92	10.84	10.04	10.4	10.8	9.88	10.6	10.24	9.6	9.0	9.4	10.52	11.16	10.84	10.76	10.96	11.24	11.48	11.44	9.88	9.16	10.56	11.08	10.68	10.96	10.52	10.31	10.59	10.73	11.02	11.75	11.76	11.74	12.34	12.35	13.1	13.89	13.61	13.7	13.3	11.55	13.5	13.95	12.8	13.8	14.05	14.1	14.5	15.55	15.75	16.35	16.1	15.9	15.95	14.8	16.05	16.8	18.5	17.8	18.6	20.0	21.0	20.75	22.0	23.8	24.1	23.5	21.35	23.05	23.25	23.6	20.7	20.3	20.2	20.8	21.4	23.35	24.7	28.05	28.4	32.65	32.3	33.75
acm	30.89	29.32	24.92	26.66	27.62	26.99	29.15	30.23	29.35	30.39	30.79	31.53	33.15	32.94	31.56	31.61	33.96	32.5	33.55	33.69	35.15	33.08	30.98	31.19	29.55	30.69	29.46	28.06	27.13	27.06	27.72	26.19	27.91	29.55	29.18	29.69	30.69	29.96	30.96	32.06	30.21	29.23	30.89	28.32	26.13	26.27	25.83	23.15	26.77	28.68	28.93	31.47	30.54	29.7	30.57	30.6	32.49	31.34	32.4	32.37	31.99	31.96	32.83	30.71	32.85	34.58	35.86	35.11	35.11	32.5	32.15	30.39	28.3	28.54	29.71	27.82	27.86	27.37	26.92	36.95	37.13	36.67	40.12	37.95	36.91	36.93	35.3	39.13	36.55	38.4	38.41	37.84	35.11	35.65	33.86	34.86	32.98	33.41	33.99	34.2	32.29	32.34	32.43	33.57	31.93	32.03	32.52	32.49	31.71	31.56	32.26	30.47	32.26	33.23	33.94	36.47	36.78	35.97	35.25	35.23	36.12
acn	84.266	82.414	82.07799999999999	82.92399999999999	81.845	81.882	84.23700000000001	84.88	81.975	84.648	87.665	89.079	88.26100000000001	87.859	87.17200000000001	90.22	91.697	91.04700000000001	90.257	90.416	92.76	91.056	91.97	94.538	94.454	97.306	97.631	94.05799999999999	90.182	91.37700000000001	93.10799999999999	91.98899999999999	93.51100000000001	98.833	98.406	104.35	100.88	98.09200000000001	102.56	102.32	102.33	96.93700000000001	100.16	94.29799999999999	94.40299999999999	97.5	97.09299999999999	88.84899999999999	95.43	98.38600000000001	98.338	103.24	108.57	108.53	110.38	109.93	108.42	110.88	111.6	113.84	114.16	112.42	114.68	107.32	110.53	109.6	109.72	109.09	108.88	108.55	110.27	110.54	106.32	108.59	116.05	112.31	114.51	113.17	114.92	114.94	117.12	115.33	120.87	121.21	114.3	114.01	113.74	115.24	111.39	115.27	119.69	121.62	120.75	122.74	117.03	115.71	114.47	118.09	120.09	119.91	119.28	121.92	125.37	125.85	125.89	121.81	122.87	126.15	128.27	128.77	126.97	126.94	128.42	132.95	134.05	136.83	132.96	135.6	138.62	143.28	143.93
acnb	18.387999999999998	19.384	18.617	19.923	19.11	18.069000000000003	18.891	18.28	18.302	18.657	18.711	18.896	18.896	18.504	18.987000000000002	18.877	18.951	18.776	18.546	19.135	18.776	18.759	19.158	18.962	19.485	19.188	19.009	19.101	19.048	18.842	18.809	18.949	19.646	20.174	19.476	20.643	20.689	19.769000000000002	20.453	20.643	20.785	20.518	20.272000000000002	20.215	20.233	20.375999999999998	20.811999999999998	20.491	20.262	21.371	21.038	21.114	21.689	21.256999999999998	21.545	21.401	21.163	21.066999999999997	21.445999999999998	23.747	23.225	23.185	22.915	24.093000000000004	24.112	24.615	24.701999999999998	24.528000000000002	25.164	25.996	26.158	26.695999999999998	26.249000000000002	26.404	25.859	25.967	25.384	26.064	26.259	29.905	29.76	30.441	30.881999999999998	31.47	31.518	30.197	29.855	29.316	29.366	28.19	28.826999999999998	28.58	29.468000000000004	30.651	28.482	28.68	29.37	29.566	30.601	30.503	29.27	28.334	28.484	28.930999999999997	28.881	30.32	29.526	28.583000000000002	28.285999999999998	28.236	26.796999999999997	25.953000000000003	26.4	26.9	27.05	27.9	28.2	28.2	28.05	28.45	27.9992
acor	41.07	41.82	41.28	44.5	40.79	36.89	37.41	35.01	35.43	34.0	32.94	33.01	34.2	33.34	30.07	30.34	30.71	31.49	30.4	31.55	35.44	33.33	33.42	34.78	34.12	34.53	32.17	29.21	32.73	33.36	31.99	29.54	28.05	30.04	30.4	37.31	37.85	37.0	37.59	37.32	38.02	40.72	43.25	41.01	39.9	38.96	37.88	33.48	34.84	34.31	36.03	25.61	25.38	26.41	28.42	29.72	25.85	27.13	26.25	27.21	28.9	26.22	25.08	25.39	26.21	25.13	25.91	24.9	24.02	24.85	24.53	24.5	25.71	27.29	20.83	19.57	20.1	18.25	16.9	21.4	20.8	20.25	21.4	18.7	18.15	21.15	20.5	21.15	21.1	24.8	25.3	27.475	30.15	26.85	26.4	18.05	16.9	15.85	16.5	16.1	15.025	14.55	15.3	17.1	18.7	19.55	20.45	20.1	22.55	21.75	21.35	21.85	19.45	22.25	22.95	23.9	26.25	25.85	26.7	26.85	27.75
acp	10.873	11.074000000000002	10.978	11.04	11.012	11.081	11.081	11.448	11.344000000000001	11.225	11.328	11.344000000000001	11.344000000000001	11.419	11.571	11.397	11.405999999999999	11.450999999999999	11.405999999999999	11.284	11.216	10.831	10.872	11.064	10.839	10.939	10.841	10.440999999999999	10.157	10.276	10.249	10.165	9.995	10.352	10.343	10.300999999999998	10.357999999999999	9.83	9.702	9.632	9.2497	9.068999999999999	9.2768	9.107999999999999	8.3769	8.3112	8.3443	7.8198	7.9276	8.3305	8.7193	9.0851	9.068	9.0274	9.267999999999999	9.633	9.793	9.623	9.763	9.91	10.16	10.279000000000002	10.342	10.22	10.522	10.550999999999998	10.825999999999999	10.618	10.978	11.074000000000002	11.23	11.267000000000001	10.957	11.300999999999998	11.567	11.398	11.425	11.453	10.915	10.853	11.392999999999999	11.619000000000002	12.172	12.207	12.318	12.594000000000001	12.658	12.888	13.044	13.062999999999999	13.062999999999999	13.342	12.765999999999998	12.774000000000001	12.757	13.093	13.204	13.155	13.485999999999999	13.459000000000001	13.306	13.707	13.697000000000001	13.602	13.334000000000001	13.248	13.584000000000001	13.602	14.164000000000001	14.134	13.879000000000001	13.859000000000002	13.995999999999999	14.26	14.309000000000001	14.347999999999999	14.495999999999999	14.693	14.505	14.485	14.177999999999999
acre	9.1913	9.2143	9.642999999999999	9.665	9.705	9.595	9.555	9.619	9.0407	9.0171	8.8654	8.9862	9.1903	9.329	9.1999	9.377	9.636000000000001	9.522	9.3192	9.3447	9.522	9.4319	9.74	9.981	9.871	10.502	10.610999999999999	10.584000000000001	10.700999999999999	10.045	10.253	10.411	10.202	10.508	10.665999999999999	10.583	10.66	10.540999999999999	10.845	10.811	10.457	9.975	10.249	10.016	9.3604	9.126	9.1103	7.7884	8.3497	8.9364	8.9198	9.1624	9.4378	9.914	10.277999999999999	10.225	10.615	10.26	9.862	10.49	10.552	10.763	10.870999999999999	10.777999999999999	11.185	11.429	11.69	11.42	11.429	11.293	11.347000000000001	11.527999999999999	11.276	11.52	11.539000000000001	11.64	11.945	12.047	11.853	12.305	12.600999999999999	12.499	13.173	12.323	12.86	13.151	13.087	12.812999999999999	12.569	12.569	12.785	12.718	12.097999999999999	12.465	12.465	12.799000000000001	13.087	13.241	13.529000000000002	12.501	12.385	12.607000000000001	12.731	12.895	12.933	12.885	12.571	12.591	12.63	12.806	12.845999999999998	12.865	12.914000000000001	12.708	12.738	13.022	13.5	13.49	13.52	13.01	12.93
acrx	6.97	6.9	6.78	6.81	6.57	7.24	8.13	9.13	4.64	4.23	3.87	4.07	4.15	4.5	3.99	3.24	3.14	3.48	4.37	4.04	4.06	4.24	4.18	4.25	4.08	4.45	4.55	4.12	4.24	4.09	3.89	3.8	3.37	3.63	3.43	3.47	4.55	5.11	5.76	4.93	4.73	4.49	3.79	3.4	3.18	3.69	3.61	3.32	3.85	3.83	3.6	3.27	3.1	3.36	3.62	3.72	3.39	3.25	3.21	3.39	3.5	3.07	2.87	2.7	2.98	2.99	3.0	3.76	3.55	3.38	3.29	3.31	3.59	3.68	3.8	3.53	3.1	3.0	2.6	3.15	3.15	2.85	3.25	2.8	2.8	2.6	2.75	2.65	2.85	3.15	3.15	3.1	3.15	3.0	3.05	3.05	2.65	2.55	2.65	2.6	2.45	2.55	2.525	2.375	2.5	2.15	2.175	3.1	3.7	2.775	2.95	2.95	3.2	3.25	3.1	3.9	5.5	5.35	1.75	1.85	1.9
acsf	9.2598	9.529	9.229	9.155	9.155	9.3553	9.681000000000001	10.083	9.92	9.92	9.97	10.25	10.177999999999999	10.261	10.368	10.248	10.269	10.354000000000001	10.236	10.111	10.179	9.92	10.14	10.353	9.68	10.052	10.065	10.057	9.856	9.724	9.737	9.4536	8.9548	9.326	9.4054	8.8602	8.6498	8.4062	8.2757	8.6761	8.235	8.0153	8.0997	7.9134	7.3607	6.8332	7.3417	6.9415	6.6356	6.9904	8.0287	7.961	8.5799	8.5031	8.6642	8.5096	8.465	8.7244	8.6543	8.8091	9.1665	9.1912	9.2832	9.1262	9.012	9.2211	9.2376	9.1751	9.644	9.829	9.917	10.052999999999999	9.551	9.836	10.014	9.836	10.094	10.139	10.139	10.41	10.729000000000001	10.729000000000001	10.866	10.82	11.003	11.65	11.788	11.832	11.786	11.878	11.829	12.015999999999998	12.015999999999998	12.672	12.482000000000001	13.049000000000001	12.954	12.857000000000001	12.713	12.380999999999998	12.762	12.806	12.47	12.422	12.325	12.567	12.567	12.422	12.519	12.323	11.544	11.544	11.2	11.495	11.347999999999999	11.398	11.448	11.299000000000001	11.2	11.1	10.75
acst	5.571000000000001	5.612	5.058	5.6	4.7	4.6	4.3	4.501	5.27	5.0	5.1	4.9	4.8	4.882	4.8	4.5	4.1	3.9	3.5	3.263	3.1	3.0	3.3	3.2	3.4	3.6	3.7	4.0	3.8	3.5	3.4	3.2	3.2	2.5	2.9	2.8	2.18	2.3501	2.64	2.26	2.45	2.14	1.61	2.69	2.48	1.7616	1.62	1.56	1.45	1.53	1.4894	1.77	1.71	1.5	1.5	1.39	1.432	1.44	1.35	1.33	1.67	1.4132	1.53	1.4638	1.33	1.52	1.55	1.52	1.45	1.36	1.36	1.34	2.81	1.88	1.7874	1.65	1.56	1.43	1.32	1.38	1.31	1.4	1.32	1.13	1.48	1.3	1.26	1.44	1.28	1.29	1.33	1.25	1.18	1.34	1.28	1.39	1.32	1.31	1.28	1.31	1.3099	1.2599	1.2933	1.27	1.29	1.31	1.28	1.3257	1.3799	1.3	1.3299	1.34	1.3	1.34	1.32	1.34	1.32	1.35	1.3	1.3001	1.25
acta	18.38	17.3	17.49	16.47	16.14	16.05	15.37	15.99	14.6	14.81	15.02	15.48	14.84	14.71	14.47	12.89	13.35	12.99	13.44	13.17	13.17	14.26	13.62	13.8	13.87	14.97	13.89	13.26	14.02	14.08	13.84	12.82	11.5	12.79	13.32	13.9	12.3	11.44	11.32	11.59	10.84	10.28	11.63	9.95	9.23	9.55	9.24	7.4	7.74	7.92	9.31	9.2	8.9	9.14	10.06	9.48	9.47	9.57	8.73	9.56	9.95	9.58	9.08	8.95	9.1	9.83	9.73	10.05	9.84	9.58	10.1	10.89	10.37	10.27	12.64	12.02	11.35	11.7	13.15	13.45	13.9	13.6	14.8	14.6	14.4	14.3	13.95	14.55	13.95	14.15	13.95	13.75	14.1	14.1	13.95	14.05	13.95	14.25	14.05	14.15	13.85	14.15	14.45	14.15	14.4	14.05	14.0	13.95	13.95	13.0	12.5	12.6	12.75	12.7	12.0	12.25	15.35	15.85	15.6	15.45	15.5
actg	16.975	15.812999999999999	14.694	12.759	12.474	12.312000000000001	12.171	12.064	10.636	10.665	10.329	10.395	10.607999999999999	9.4195	10.677	9.863	10.144	10.096	9.911	9.533	9.3205	8.497	7.7703	8.5163	9.4273	8.9747	8.7194	8.631	9.2594	8.9845	9.1219	9.642000000000001	8.6997	9.4656	8.8961	6.8341	6.71	5.98	5.26	6.07	6.24	4.42	4.33	3.77	3.67	3.85	3.52	3.41	3.86	3.12	3.6	3.8	3.8	3.93	3.93	4.31	4.82	4.59	4.72	5.35	5.12	4.94	4.67	4.34	4.43	4.61	4.77	5.9	6.27	6.21	5.93	6.86	6.56	6.33	6.42	5.95	6.1	6.25	5.7	5.75	7.4	6.8	7.55	7.1	6.4	6.7	5.9	6.0	5.85	5.85	5.8	6.2	5.7	5.5	5.45	5.65	5.2	5.2	5.35	4.9	4.5	4.4	3.9	4.0	3.9	4.3	3.9	4.0	4.0	3.45	3.0	3.0	3.4	3.4	4.05	4.85	4.65	4.35	4.1	4.35	4.5
acu	17.016	17.243	18.016	18.1	18.244	17.674	18.119	17.551	18.015	18.29	17.656	17.522000000000002	17.304000000000002	17.285	17.895	18.029	17.570999999999998	17.477	16.486	16.666	17.467	16.952	17.38	17.324	17.179000000000002	17.247	17.237000000000002	17.237000000000002	17.227	17.227	16.557000000000002	16.271	15.984000000000002	16.463	17.028	17.548	16.116	15.815999999999999	16.008	16.259	16.566	16.47	16.384	15.835	16.74	15.706	13.557	13.404000000000002	13.294	14.67	14.437999999999999	16.934	16.219	15.495	16.063	16.28	15.745	16.639	16.819000000000003	17.053	17.982	17.524	17.725	17.805	18.54	18.842	20.11	21.201999999999998	20.968000000000004	20.41	20.155	20.185	19.852	21.438000000000002	20.947	20.151	19.285999999999998	20.18	21.784000000000002	20.750999999999998	21.38	21.206	21.096	22.03	22.58	23.357	25.139	25.679000000000002	23.99	24.67	26.011999999999997	25.096	24.0	25.381999999999998	25.896	27.476	27.697	27.588	28.386	26.566999999999997	26.052	26.508000000000003	28.252	28.124000000000002	27.569000000000003	26.666	28.351999999999997	27.805999999999997	28.165	27.866	28.045	27.568	24.383000000000003	24.671	26.314	25.288	23.6675	24.17	23.55	23.093000000000004	22.4171
acxm	20.81	19.34	18.44	19.35	19.31	18.72	19.66	20.4	18.9	19.41	18.64	19.08	19.27	18.3	17.46	17.38	17.37	16.25	17.62	18.1	19.01	17.58	16.83	17.26	17.42	18.0	20.96	20.36	21.15	20.9	20.55	19.985	19.98	21.57	21.68	22.84	22.45	21.49	21.95	22.8	22.37	20.95	21.73	18.99	18.38	18.58	18.31	19.07	20.23	21.33	21.04	21.17	20.92	21.52	21.775	21.71	21.97	22.91	22.37	21.18	21.58	21.39	21.92	21.32	22.07	22.74	23.08	23.0	25.03	25.47	25.83	26.395	26.49	26.82	26.54	25.13	25.04	23.99	22.72	26.98	27.015	25.91	27.3	26.95	26.86	26.94	27.38	26.65	28.4	28.46	29.61	28.97	27.38	28.57	27.56	28.01	27.71	27.87	28.97	28.77	26.15	26.06	26.45	26.64	25.84	26.01	25.56	26.71	26.99	26.77	22.97	21.85	22.91	23.5	23.49	24.3	24.93	24.69	25.09	25.08	26.6
acy	11.1	11.4	11.15	11.21	11.2	11.2	8.45	8.1	9.73	8.91	8.55	8.51	7.82	7.95	7.92	8.16	9.8	10.07	13.5	13.27	11.15	13.16	12.7	12.1	11.7	10.52	9.31	8.95	9.1	8.91	8.2	8.05	8.3	8.3	8.06	7.92	8.86	10.63	12.15	11.54	9.7	9.35	8.74	9.1	8.74	8.98	9.22	9.24	9.2	10.5	12.49	12.44	12.37	11.5	10.87	11.79	11.97	11.91	14.15	12.24	10.95	10.8	10.51	10.86	10.7	9.8	9.11	9.82	9.25	9.586	9.2	9.3795	9.05	8.755	8.699	8.75	9.412	8.82	9.448	9.46	8.95	9.0	9.1	8.755	9.305	9.09	9.4	10.35	10.25	10.5	10.1	9.8	10.3155	9.9794	10.65	9.95	9.8	10.15	9.9902	9.7	10.65	10.4	10.5	11.5172	12.8	12.5	13.675	14.2	12.6	11.9	11.4	10.2	12.0	13.25	12.85	14.4	14.7945	14.7	14.0724	12.45	13.5
adbe	74.13	71.11	70.29	72.74	71.92	73.01	78.55	79.79	76.0	76.89	72.97	76.23	75.95	75.5	76.06	76.31	79.41	80.16	78.75	79.86	82.28	81.01	80.47	82.1	79.93	82.06	83.82	82.69	79.4	79.78	80.53	83.91	83.99	83.92	86.84	88.5	90.55	89.02	91.96	92.02	88.96	91.31	95.33	89.11	89.17	86.89	87.99	74.94	83.8	88.37	85.27	89.96	92.4	94.17	94.53	96.37	94.22	94.6	95.93	99.61	98.7	96.96	99.72	94.37	96.79	97.79	97.91	96.67	101.67	100.32	102.3	103.0	99.62	107.48	108.45	107.37	108.39	107.07	106.2	102.42	105.21	99.51	104.31	105.29	103.77	108.3	108.0	114.26	113.16	116.85	119.63	120.35	119.91	127.01	128.25	130.04	129.38	131.52	135.11	135.6	134.33	142.85	143.59	139.09	144.24	141.24	143.34	147.89	149.78	147.79	146.47	149.26	152.14	155.49	154.49	144.57	148.6	153.65	171.73	177.33	180.8
adc	27.686999999999998	28.353	29.009	30.83	30.061999999999998	29.000999999999998	28.596999999999998	28.914	27.871	29.263	28.885	29.607	28.746	28.239	27.315	27.52	27.565	27.2	26.836	26.589000000000002	26.925	26.301	27.186	28.059	27.375	27.735	27.489	27.094	25.967	25.345	26.238000000000003	27.138	27.296	28.369	28.588	30.4	30.4	29.576999999999998	30.318	30.639	30.016	30.486	32.001999999999995	31.315	30.199	32.521	35.046	33.885	34.656	34.878	34.675	35.946999999999996	35.733000000000004	36.264	36.771	36.574	36.442	40.736	39.543	39.279	40.84	41.611000000000004	42.543	45.318999999999996	46.753	46.838	46.818999999999996	46.867	45.793	45.376000000000005	45.508	46.42100000000001	43.781000000000006	47.133	46.388000000000005	44.336000000000006	45.966	45.44	43.973	40.78	42.476000000000006	42.172	43.705	44.153999999999996	42.58	44.975	44.702	45.138999999999996	45.246	46.56399999999999	47.986999999999995	47.619	44.809	46.728	46.293	47.1	48.745	50.016999999999996	47.431999999999995	44.886	44.3	45.122	45.582	46.79600000000001	46.571000000000005	45.628	45.153	46.913999999999994	48.43899999999999	49.062	48.013000000000005	49.151	48.538000000000004	49.963	50.497	49.438	49.63	49.4	50.28	47.2	48.18
adhd	3.77	4.0	6.42	6.41	5.95	5.85	7.43	7.33	7.11	5.46	5.9	5.65	5.82	5.82	5.88	6.35	6.37	6.88	8.21	7.5	8.16	6.54	6.13	7.29	7.71	7.88	7.63	8.52	7.94	7.83	7.72	7.5	5.76	5.74	6.69	7.33	7.93	6.25	6.25	6.39	5.82	5.81	6.04	5.57	5.01	5.17	5.12	5.34	4.97	4.54	4.44	4.07	3.63	4.18	4.37	4.47	4.01	4.23	4.4	5.19	5.44	4.83	4.1	4.34	4.86	4.32	4.25	5.0	5.0	4.94	5.29	4.8	4.45	4.67	2.6	2.52	2.37	2.16	1.8	1.95	1.92	1.85	1.99	2.1	2.21	2.52	0.9374	1.04	1.16	1.18	1.21	1.3	1.2	1.14	1.14	1.09	1.11	1.1	1.185	1.21	1.16	1.12	1.14	1.18	1.12	1.1301	1.13	1.1299	1.12	1.09	1.04	0.9999	1.01	1.02	1.12	1.12	1.0114	1.095	1.51	1.5	1.43
adi	52.214	50.1	49.095	50.891000000000005	50.248999999999995	51.786	55.053999999999995	56.034	53.618	55.931999999999995	53.821999999999996	58.847	58.65	60.45	57.966	58.79	59.391000000000005	64.39699999999999	63.123000000000005	62.483000000000004	64.142	60.526	57.42	58.9	54.589	55.147	56.333999999999996	50.753	53.656000000000006	54.912	55.556999999999995	51.326	52.933	53.778999999999996	57.411	58.798	57.372	55.254	53.988	58.11	54.677	52.782	54.83	48.236999999999995	47.663999999999994	49.07	49.156000000000006	46.727	50.333999999999996	52.763999999999996	52.985	55.821999999999996	56.255	56.41	57.683	56.729	54.326	53.275	53.419	56.615	56.458999999999996	55.256	55.44	54.041000000000004	56.1	58.714	61.088	61.085	62.318999999999996	62.318999999999996	61.51	60.29600000000001	61.275	61.842	62.839	60.736000000000004	60.56	61.88	62.038000000000004	65.001	71.289	67.877	71.939	71.61399999999999	72.352	70.425	71.093	73.317	73.995	75.273	81.46	82.835	82.25200000000001	82.34	80.502	80.343	76.021	76.773	75.37899999999999	77.633	77.554	81.43	77.881	80.78699999999999	79.544	77.316	78.301	80.697	80.28	77.515	77.61399999999999	77.27600000000001	79.116	81.1	83.84	83.88	85.9	88.57	88.8	91.21	92.28
adm	49.126999999999995	46.208	43.655	44.653999999999996	45.088	43.386	44.792	44.512	42.343999999999994	43.879	43.071000000000005	44.958	44.662	44.745	45.468999999999994	47.675	49.423	49.725	48.058	48.544	48.62	45.093999999999994	44.037	44.908	44.196999999999996	45.272	43.849	43.461999999999996	42.004	41.111000000000004	41.568999999999996	39.529	39.904	42.746	42.993	44.028	40.519	35.523	34.802	34.613	33.258	33.172	35.154	32.718	29.864	31.873	31.694000000000003	30.250999999999998	32.319	33.933	34.489000000000004	36.534	34.766999999999996	33.58	35.522	36.678000000000004	38.199	36.086	36.144	40.955999999999996	42.036	40.318000000000005	40.434	40.088	41.92	42.662	42.29600000000001	42.352	42.352	42.207	41.585	42.733000000000004	41.043	41.227	41.645	41.101000000000006	40.983000000000004	41.818999999999996	45.547	41.926	42.542	43.324	45.523999999999994	45.045	44.331	43.725	43.695	44.193999999999996	43.01	42.856	44.131	45.805	43.747	44.041000000000004	44.663000000000004	44.721000000000004	43.973	44.131	45.037	41.717	41.203	42.295	41.62	42.037	40.935	40.32	40.499	40.866	41.391999999999996	42.295	40.945	41.56	41.74	42.59	43.84	43.57	42.72	43.29	43.31	43.07	39.27
adma	11.1	11.22	10.56	11.03	10.85	10.7	10.48	9.5	9.36	8.19	9.23	9.26	9.01	8.9775	8.41	7.91	8.54	8.56	8.37	8.57	8.54	9.26	9.35	9.66	8.95	9.65	9.01	9.27	9.37	8.9	9.49	9.14	8.5	9.36	9.84	8.8	8.89	8.84	9.22	9.3	8.87	8.49	8.26	7.62	6.07	6.37	5.6	4.34	4.5	4.89	5.01	5.13	7.73	8.11	7.31	7.66	6.84	6.06	6.02	6.67	7.48	7.12	7.0	6.05	6.76	6.5	6.79	6.55	6.1	5.61	5.34	5.71	5.65	7.35	7.23	6.66	6.24	5.81	5.01	6.35	5.62	5.41	5.23	5.16	4.71	5.09	5.22	5.28	5.01	4.92	4.95	4.54	4.52	4.93	5.01	4.86	4.59	4.56	4.36	4.4	3.88	3.53	3.69	3.37	3.04	3.75	3.45	3.69	3.68	3.3	2.94	2.76	3.3	3.62	3.28	3.32	3.13	3.13	2.86	2.76	2.06
admp	5.99	6.44	5.53	6.2	6.625	6.47	6.51	6.49	6.42	5.82	5.54	3.81	4.63	4.66	4.3	4.28	3.97	4.23	4.39	4.25	4.32	4.2	4.0	4.19	4.29	4.05	3.25	3.56	3.69	3.64	4.61	4.37	4.01	4.0	3.88	4.08	4.22	4.24	4.34	5.475	5.18	5.41	5.25	4.95	4.43	4.05	4.73	4.39	5.34	6.03	5.29	5.23	5.59	6.04	6.89	7.76	8.25	10.12	8.21	8.46	8.86	3.29	2.95	2.71	3.28	3.05	2.97	2.7505	2.68	2.65	2.97	2.86	2.96	3.39	3.35	3.02	2.77	2.5	2.55	2.9	2.95	2.85	2.8	2.85	3.1	3.25	3.075	3.175	3.1	3.25	3.5	3.5	4.45	4.55	4.25	4.5	4.5	3.85	3.8	3.95	3.65	3.8	4.55	4.2	4.95	5.05	5.575	5.1	4.6	4.375	4.8	4.85	5.15	5.4	5.15	5.3	5.175	5.2	5.25	5.4	5.1
adms	17.26	16.98	16.93	17.13	16.66	16.69	17.28	17.3	16.34	17.98	16.72	17.33	17.72	17.62	17.27	17.53	17.91	18.0	19.12	19.45	26.31	26.22	26.58	29.8	26.15	24.73	22.9	19.85	20.61	19.75	19.59	18.77	16.66	15.31	14.42	15.15	16.54	15.74	15.89	16.52	15.66	14.79	29.28	24.31	25.01	20.64	16.62	13.52	14.76	13.2	13.81	12.42	14.16	16.36	17.81	18.08	16.88	15.1	15.22	16.27	17.03	15.87	16.62	15.48	15.69	15.18	14.24	14.83	13.45	14.03	13.11	15.63	16.86	17.35	16.42	15.95	14.24	14.33	13.93	16.42	15.29	14.55	15.66	16.17	17.14	18.99	16.26	16.16	16.08	16.82	17.2	18.26	17.15	17.45	17.47	16.73	16.11	15.57	16.67	16.87	14.74	15.55	17.08	17.28	17.08	17.58	16.98	17.03	17.9	17.06	15.84	14.51	21.68	21.26	21.53	21.24	21.69	20.74	19.42	19.51	27.45
adp	79.548	78.039	78.452	81.143	79.803	81.375	83.124	84.525	79.811	82.345	79.57600000000001	81.311	80.71600000000001	80.42399999999999	79.696	82.345	82.47	80.99	79.265	79.516	80.607	76.083	76.51899999999999	78.133	75.6	76.509	77.335	78.435	74.359	74.15899999999999	75.952	75.942	77.642	81.764	83.42299999999999	83.891	83.00399999999999	81.163	83.35799999999999	82.93700000000001	82.05799999999999	79.965	83.383	75.64399999999999	74.818	77.67	78.88	77.017	82.96	83.316	82.821	85.835	85.31299999999999	86.713	87.18799999999999	86.32700000000001	85.46700000000001	84.211	82.463	84.56	84.37700000000001	84.73	86.838	86.65299999999999	91.835	92.28299999999999	93.05	85.73	87.87899999999999	87.345	87.09100000000001	87.969	85.545	86.50200000000001	85.69200000000001	84.186	85.486	84.742	87.109	89.85600000000001	94.257	93.65100000000001	96.62100000000001	99.443	101.37	101.43	101.39	101.02	94.751	96.227	97.604	102.82	102.28	103.97	101.79	100.35	100.85	101.57	102.83	96.024	96.242	100.06	100.0	101.33	101.96	100.92	103.11	100.77	105.42	111.16	108.24	102.35	104.57	108.92	106.78	108.82	110.71	113.09	114.62	118.25	111.32
ads	288.04	276.78	276.48	297.24	291.94	276.48	279.18	279.09	271.2	289.34	288.35	293.34	297.65	304.84	293.93	299.87	297.07	298.86	291.85	298.13	302.03	288.63	292.09	298.94	263.98	272.68	266.46	263.61	259.28	254.6	251.51	251.14	266.28	275.83	277.82	294.89	295.73	283.11	282.43	282.14	276.99	263.92	277.13	259.06	248.44	246.78	192.49	178.41	208.5	211.09	210.77	203.23	208.65	207.62	212.7	200.3	201.01	201.0	208.45	210.42	221.06	210.51	197.74	191.63	198.68	208.91	230.36	219.8	217.45	197.87	196.56	213.26	212.96	214.53	214.44	205.88	212.34	200.26	198.03	208.95	231.07	226.17	230.15	228.93	226.56	234.24	227.97	225.25	223.99	225.02	237.9	246.0	246.31	243.41	241.84	249.33	237.34	257.81	251.82	258.51	237.11	244.5	235.44	245.17	257.76	256.95	254.88	260.81	237.68	238.9	222.13	220.64	223.12	215.55	215.5	216.89	225.23	224.28	232.26	231.3	230.16
adsk	60.755	57.38	55.71	58.23	54.92	58.3	62.37	64.0	59.64	61.63	58.72	59.71	62.01	62.13	56.83	57.26	58.4	55.49	53.73	54.06	54.55	50.075	52.46	52.19	51.05	54.15	54.82	53.1	47.52	46.81	46.9	47.05	44.0	51.55	52.0	55.5	63.49	60.45	62.71	64.55	63.24	59.52	62.22	55.98	49.4	48.42	49.56	43.26	50.35	54.31	56.69	57.06	57.11	57.11	57.71	60.07	59.82	58.79	57.98	58.91	58.29	55.89	58.07	53.22	55.14	58.01	58.75	57.95	61.71	63.74	68.32	68.6	67.39	71.67	71.18	70.17	70.78	70.58	69.44	73.55	75.21	69.22	81.11	75.7	75.02	79.3	78.62	82.65	82.76	83.23	87.15	88.93	84.24	86.22	85.44	84.95	85.62	88.58	91.98	94.7	93.97	113.89	110.88	107.55	105.69	101.39	103.74	107.7	114.08	107.88	108.01	109.75	111.27	114.08	114.13	109.82	113.63	118.57	119.29	123.58	123.82
adtn	20.878	20.313	21.011	20.768	20.840999999999998	21.298000000000002	21.8	19.677	18.986	18.747	17.364	18.113	17.442999999999998	15.745	15.745	15.847999999999999	16.107	16.403	16.107	16.03	15.965	15.488	15.409	15.745	15.209000000000001	15.498	15.380999999999998	14.98	15.048	14.857000000000001	14.588	14.099	14.040999999999999	15.124	14.194	14.523	15.245999999999999	14.783	15.738	15.804	15.66	16.682000000000002	16.75	16.114	16.769000000000002	18.09	17.599	17.569000000000003	18.015	17.965999999999998	18.132	19.043	18.859	19.295	19.208	18.025	18.811	18.225	17.817	18.488	18.831	18.031	18.031	17.458	18.840999999999998	17.524	17.703	17.654	17.673	17.715	18.2	18.464000000000002	17.956	18.543	18.758	18.573	19.521	17.564	17.602999999999998	19.472	20.012999999999998	20.259	22.028000000000002	22.618000000000002	22.127	21.881	22.175	21.881	21.478	21.379	21.281	21.576999999999998	20.885	21.329	20.885	19.75	19.354	19.404	19.848	19.74	19.74	19.541	20.334	20.434	19.492	20.236	20.384	20.334	23.160999999999998	22.703000000000003	21.706999999999997	21.359	21.857	21.608	22.355	22.504	24.296	24.346	21.756999999999998	21.309	20.9
adus	24.13	24.01	22.04	23.04	21.47	21.3	21.4	22.41	21.78	22.96	22.47	24.04	26.22	27.6	26.84	26.48	27.5	27.99	28.23	28.61	28.81	27.86	26.45	28.34	26.28	28.34	28.72	29.25	28.71	29.48	32.61	34.6	30.43	31.31	35.25	25.94	22.08	19.88	21.74	22.84	23.63	24.0	24.59	22.54	20.555	21.13	21.5	21.24	22.31	24.06	18.395	16.8	17.21	17.05	18.87	20.69	18.5	19.46	18.41	20.0	19.18	19.88	19.76	16.7	19.0	19.43	18.87	21.12	20.71	21.38	23.14	24.97	24.22	26.49	26.03	27.11	27.07	25.28	25.6	31.85	33.65	33.7	33.75	35.0	35.25	35.35	34.7	34.8	34.1	35.1	33.95	33.7	33.05	33.3	30.7	31.3	31.65	32.8	33.85	40.25	36.8	37.75	37.55	37.6	36.45	37.25	38.05	38.45	36.1	33.85	34.25	33.85	33.8	33.7	34.2	33.45	36.35	35.025	34.25	36.3	34.45
advm	51.92	60.08	51.56	43.95	35.98	36.15	40.06	36.8	37.91	41.42	38.4	38.5	40.05	38.93	31.86	32.47	36.67	39.13	38.82	41.4	16.24	16.24	15.63	16.68	14.29	15.13	14.33	10.26	10.78	10.59	11.02	9.84	8.49	8.2	8.26	8.55	9.09	8.08	9.15	10.02	9.05	9.23	9.71	7.51	6.07	6.5	4.7	4.75	5.51	5.44	5.12	4.99	5.0	5.35	5.34	6.11	5.64	4.03	3.86	4.32	4.46	3.7	3.27	3.25	3.38	3.19	3.24	4.33	4.53	4.21	3.71	3.58	3.76	4.2	4.24	3.99	3.38	2.99	2.85	3.6	3.0	2.8	3.2	3.15	3.0	3.0	3.05	2.9	2.9	3.0	2.75	2.8	2.85	2.75	2.75	2.7	2.65	2.7	3.0	2.8	2.8	2.65	2.65	2.75	3.0	2.5	2.5	2.65	2.6	2.55	2.55	2.5	2.75	2.7	3.5	3.3	3.8	3.6	3.4	3.2	3.2
adx	11.849	11.507	11.365	11.702	11.694	11.859000000000002	12.107000000000001	12.305	11.867	12.039000000000001	11.901	11.977	12.020999999999999	12.15	12.005	12.245	12.338	12.296	12.175999999999998	12.097000000000001	12.262	12.020999999999999	11.927	12.253	12.089	12.175999999999998	11.994000000000002	11.909	11.467	11.314	11.440999999999999	11.225999999999999	11.027999999999999	11.382	11.547	11.847000000000001	11.865	11.503	11.867	11.847999999999999	11.657	11.557	11.847999999999999	11.18	10.704	10.732000000000001	10.797	10.173	10.880999999999998	11.102	11.258	11.497	11.497	11.488	11.764000000000001	11.82	11.636	11.609000000000002	11.543	11.755	11.829	11.689	11.636	11.552	11.875	12.050999999999998	12.032	12.095999999999998	12.244000000000002	12.244000000000002	12.244000000000002	12.263	12.020999999999999	12.142999999999999	12.125	12.020999999999999	12.030999999999999	11.949000000000002	11.634	12.04	12.347000000000001	12.267000000000001	12.555	12.724	12.664000000000001	12.812000000000001	12.802999999999999	13.03	13.04	13.267999999999999	13.515999999999998	13.725	13.595999999999998	13.695	13.495999999999999	13.616	13.655	13.695	14.013	14.072000000000001	13.853	14.162	14.322000000000001	14.292	14.322000000000001	14.222000000000001	14.380999999999998	14.571	14.76	14.78	14.52	14.49	14.63	14.77	15.02	15.02	15.3	15.44	15.44	15.64	15.8
adxs	9.0	9.12	12.33	8.23	8.74	7.46	8.22	9.32	12.33	11.63	12.57	16.11	21.78	22.18	16.81	19.21	20.9	22.47	28.52	23.78	20.87	20.33	18.24	19.03	17.27	15.35	16.58	14.21	15.11	14.21	19.63	15.07	10.93	10.35	9.8	12.73	12.81	13.36	12.28	12.33	10.27	11.92	11.53	8.09	7.27	7.05	6.51	5.55	6.28	5.9	8.63	8.1	8.35	9.28	9.65	9.82	7.74	7.7	7.56	8.75	8.97	8.09	8.38	8.23	8.61	7.8	8.03	13.69	14.15	13.7	11.81	11.42	11.04	10.79	10.96	10.27	8.81	7.87	8.6	9.83	9.7	8.02	8.92	8.02	7.26	8.23	8.82	8.72	8.98	8.9	9.0	9.13	8.75	8.5	8.07	7.88	7.76	8.12	8.79	8.26	8.06	8.7	8.0	7.19	6.09	6.59	6.46	7.04	6.915	6.34	6.26	5.92	6.52	7.218	4.81	4.27	4.49	4.25	3.93	3.18	3.2
adxsw	1.12	1.12	1.3	1.78	4.0	4.16	7.79	4.5399	5.8299	4.35	5.4	6.0	9.06	8.27	8.5	11.5	16.38	17.5	15.47	15.05	15.6	17.81	22.5	19.63	16.0	12.61	12.72	14.61	12.85	11.25	9.67	10.37	10.25	9.79	14.93	10.32	6.3	7.77	7.17	8.6	9.23	9.48	8.28	8.7001	6.95	8.13	7.55	5.5	4.2485	4.42	3.8	3.99	3.36	4.66	5.8	6.56	6.7	6.7299	6.75	5.678	4.86	4.9599	5.2805	6.34	5.25	4.9577	5.0	4.92	4.18	4.9	11.28	9.16	7.65	7.55	6.75	7.1001	7.08	6.8	5.5	4.47	5.29	5.83	5.6757	4.272	5.1001	4.58	3.94	4.77	5.37	5.1503	5.2301	5.3073	5.2845	4.97	4.8107	4.07	4.1	3.9697	4.3601	4.6198	3.89	4.398	4.3232	4.31	2.72	3.35	3.2863	3.4	3.94	3.4125	3.12	2.98	2.8783	3.38	3.43	1.8938	1.99	1.52	1.5	1.1	1.34
ae	45.476000000000006	46.05	48.583	53.726000000000006	55.44	61.506	62.76	62.994	63.184	57.306999999999995	58.20399999999999	66.153	60.983999999999995	57.636	50.001999999999995	42.328	42.206	39.228	41.417	45.178000000000004	47.401	43.422	41.321000000000005	41.645	40.531	45.244	43.011	43.23	42.946999999999996	41.33	40.719	40.099000000000004	39.05	41.99	43.019	43.288000000000004	43.038000000000004	40.567	42.836999999999996	40.534	36.985	33.626999999999995	33.808	37.475	32.571999999999996	31.256	32.821	32.657	31.171999999999997	31.391	33.58	36.35	37.277	37.836999999999996	36.659	36.688	36.765	41.506	37.546	38.214	36.304	36.664	37.402	36.004	35.926	36.080999999999996	33.012	29.324	30.101	31.665	34.372	36.942	35.554	36.336	38.407	36.14	36.628	36.804	35.554	39.559	39.745	38.621	42.118	40.251999999999995	40.36	40.173	38.317	37.669000000000004	38.406	39.161	40.468	39.781	34.874	34.084	35.438	37.444	37.128	37.562	40.141999999999996	40.004	39.242	39.183	41.406000000000006	41.217	42.369	41.604	41.336000000000006	41.623999999999995	41.236999999999995	36.795	34.838	33.794000000000004	33.089	34.62	36.42	38.51	41.79	45.13	43.033	42.2	44.95
aeb	20.804000000000002	21.34	21.162	21.385	21.465	21.822	21.555	21.934	21.474	21.915	21.788	21.941999999999997	22.005	21.915	21.934	21.663	21.905	22.175	21.76	22.107	21.578000000000003	21.996	21.741999999999997	22.468000000000004	22.06	22.269000000000002	22.451	22.369	21.875	22.215999999999998	22.226	22.511	22.235	22.124000000000002	22.088	22.041999999999998	22.2	22.024	22.06	22.406999999999996	22.221	21.756999999999998	22.471	22.471	22.101	21.281999999999996	21.348000000000003	19.349	21.281999999999996	21.107	20.851	20.855999999999998	20.871	21.022	21.912	22.635	22.644000000000002	22.805	23.086	23.068	23.5	23.32	23.471	23.405	23.427	23.303	23.691	23.642	23.728	23.709	23.451999999999998	23.889	24.015	23.849	24.111	23.913	23.794	23.813000000000002	23.476999999999997	21.874000000000002	22.182	21.968000000000004	21.349	22.318	21.910999999999998	21.851999999999997	22.9	22.236	22.375999999999998	23.395	23.666	24.217	23.58	24.500999999999998	24.51	24.480999999999998	24.53	24.491	24.53	24.56	24.51	24.726	24.771	24.601	24.484	24.598000000000003	24.721	24.84	24.81	24.721	24.285999999999998	24.345	24.84	24.85	24.92	24.7	24.18	24.3	24.68	24.4	24.13
aed	21.4	21.491999999999997	21.651	21.619	21.642	21.627	21.651	21.845	21.896	21.998	22.016	22.024	22.024	22.247	22.033	22.143	22.119	22.127	22.107	22.055	22.149	22.168000000000003	22.245	22.644000000000002	22.41	22.377	22.296999999999997	22.358	22.357	22.471	22.586	22.639	22.506999999999998	22.631	22.904	22.983	23.186999999999998	23.026999999999997	23.035999999999998	23.309	23.218000000000004	22.895	23.256	23.264	23.193	23.146	23.381999999999998	21.561	23.13	23.808000000000003	23.651	23.715	23.88	23.833000000000002	23.98	23.872	23.808000000000003	24.089000000000002	23.936	24.025	24.4	24.243000000000002	24.252	24.03	23.92	24.15	24.381999999999998	24.04	24.15	24.271	24.586	24.629	24.346999999999998	24.656	24.563000000000002	24.131	24.430999999999997	24.509	24.083000000000002	23.717	23.849	23.921	23.94	24.017	23.968000000000004	24.083000000000002	24.159000000000002	24.57	24.712	24.761	24.636999999999997	24.976999999999997	24.570999999999998	25.153000000000002	25.133000000000003	25.463	25.433000000000003	25.471	25.279	25.279	25.423000000000002	25.491	25.752	25.565	25.676	25.732	25.85	25.85	25.87	25.526	25.398000000000003	25.723000000000003	25.88	26.1	26.31	26.23	26.06	26.02	26.37	26.0121	25.945999999999998
aee	43.373999999999995	41.04600000000001	41.681000000000004	41.827	41.121	38.451	38.894	38.19	37.915	39.141	37.44	38.804	38.207	38.109	37.433	36.928000000000004	37.286	36.928000000000004	35.74	34.907	35.404	34.823	35.748000000000005	36.403	36.062	37.9	39.416	40.025999999999996	37.957	36.412	37.075	38.345	39.531	40.838	41.398999999999994	41.13	41.12	40.288000000000004	40.484	40.008	39.349000000000004	40.753	41.621	41.367	41.043	40.336999999999996	44.648	42.8	43.611999999999995	44.273	45.949	46.548	46.833	47.138999999999996	45.975	44.235	45.692	46.1	45.044	44.845	47.596000000000004	48.732	49.318999999999996	50.403999999999996	51.027	50.413000000000004	50.13399999999999	49.586999999999996	48.982	48.551	47.782	48.438	47.11	50.06399999999999	47.09	45.397	47.16	47.196999999999996	47.798	47.08	47.86600000000001	47.361999999999995	49.56399999999999	50.696999999999996	50.629	51.879	51.342	50.707	51.38	51.714	52.651	53.501000000000005	52.875	54.225	55.21	53.9	54.56	54.263999999999996	53.457	53.397	53.615	55.21	56.027	55.883	56.062	54.305	53.56	54.96	55.933	56.588	57.531000000000006	58.832	59.983999999999995	59.446999999999996	59.81	59.38	57.93	59.78	61.56	61.8	62.12
aeg	6.5431	6.1384	6.0437	6.104	6.5258	6.3967	6.6635	6.6895	6.5776	7.1027	6.8445	7.0252	6.9219	6.6809	6.7841	6.8271	6.9132	6.9004	6.699	6.4713	6.6815	6.4801	6.34	6.7603	6.8041	6.7515	6.6114	5.6733	5.5392	5.4588	5.5213	5.0121	5.1908	5.6018	5.3962	5.4857	5.5124	4.9764	5.2354	5.3962	5.1908	4.896	5.1819	4.6278	5.1283	5.0746	4.7977	4.1724	4.4582	4.6815	4.8066	5.1728	4.9586	4.6815	5.2176	5.4052	5.1461	4.9407	4.3332	4.681	4.6166	4.1017	4.3499	3.6510000000000002	3.3752	3.5959	3.6326	3.6142	3.9269	3.7061	3.6966	3.8482	3.6492	3.7914	3.6492	3.8767	3.9715	4.18	3.9999	4.9667	4.9193	4.8434	5.2795	5.1657	5.1753	5.3458	5.1468	5.3553	5.2037	5.251	5.1942	5.1942	5.3743	5.4501	4.9572	4.8056	4.635	4.7013	4.9667	5.052	4.5876	4.8269	4.8269	4.9926	4.7879	5.0609	5.3242	5.1974	5.3729	5.4802	5.7045	5.73	5.67	5.56	5.69	5.79	5.69	5.68	5.9	5.85	5.91
aegn	18.49	16.87	15.81	16.23	16.74	16.56	16.66	18.49	17.68	18.02	18.06	18.38	18.46	18.69	18.42	18.26	19.06	18.15	18.01	18.32	18.77	18.94	17.7	17.95	16.86	19.35	18.98	18.57	18.28	18.12	18.5	16.83	16.76	18.86	18.58	19.58	21.18	20.77	21.3	21.41	20.18	18.67	19.87	18.12	16.63	17.87	17.65	17.14	18.2	19.96	20.67	21.07	20.91	20.26	21.6	21.075	21.22	19.21	19.12	19.86	20.09	19.17	19.29	18.87	19.83	20.11	20.51	19.19	18.67	18.97	18.62	19.59	17.38	18.61	19.23	19.17	18.56	18.72	19.0	24.1	25.35	24.24	25.85	25.52	24.4	23.88	21.75	23.78	23.16	22.97	23.18	25.38	22.7	22.89	22.15	22.69	22.63	22.18	21.3	20.0	19.41	19.83	20.0	21.1	19.88	21.64	22.37	23.25	23.52	19.31	20.42	20.41	21.28	21.18	22.28	22.92	21.56	22.46	22.53	23.58	26.97
aeh	21.493000000000002	21.485	21.518	21.636	21.67	21.595	21.611	21.788	21.761999999999997	21.822	21.78	21.736	21.788	21.899	21.78	21.926	22.018	21.986	21.984	21.93	21.888	21.851999999999997	21.923000000000002	22.322	22.026999999999997	22.044	22.252	22.218000000000004	22.244	22.299	22.368000000000002	22.342	22.28	22.394000000000002	22.493000000000002	22.641	22.784000000000002	22.678	22.694000000000003	22.781999999999996	22.863000000000003	22.826	23.204	23.051	22.863000000000003	22.809	22.961	21.229	22.781999999999996	23.16	23.142	23.105	23.198	23.07	23.351	23.396	23.444000000000003	23.825	23.862	24.045	24.401999999999997	24.252	24.447	24.151999999999997	24.011999999999997	24.281999999999996	23.984	23.994	24.372	24.346999999999998	24.233	24.403000000000002	23.979	24.11	24.11	23.857	24.026999999999997	23.997	23.773000000000003	23.388	23.641	23.676	23.857	23.914	23.943	24.038	24.114	24.105	24.226	24.305	24.429000000000002	24.572	24.534000000000002	24.688000000000002	24.804000000000002	25.038	25.033	24.930999999999997	25.018	25.250999999999998	25.26	25.445	25.541999999999998	25.531999999999996	25.511999999999997	25.365	25.631	25.581	25.653000000000002	25.531999999999996	25.404	25.631	25.67	25.8399	25.88	25.91	25.81	25.78	25.95	25.83	25.87
aehr	2.78	2.72	2.77	2.45	2.44	2.63	2.4613	2.42	2.64	2.4	2.81	2.4	2.11	2.15	2.12	2.58	2.47	2.21	2.34	2.49	2.17	2.06	2.26	2.11	2.01	2.08	2.06	2.25	2.06	2.29	2.23	2.15	2.22	2.34	2.2	2.2	2.03	2.03	1.85	1.98	1.93	1.97	1.77	1.88	1.5184	1.3	1.25	1.11	1.22	1.12	1.18	1.13	1.2	1.24	1.64	1.56	1.41	1.28	1.11	1.08	1.04	1.72	1.67	1.58	1.62	1.78	1.8	1.8	1.8	1.86	2.19	2.52	2.35	2.79	3.16	2.94	2.91	3.19	3.27	2.95	3.0	3.05	2.75	2.45	2.35	2.34	2.44	2.43	2.41	3.34	4.99	5.07	5.01	5.08	5.19	4.43	4.05	4.38	4.61	4.19	4.1	4.64	4.35	3.83	3.59	3.82	3.95	3.78	4.1	4.02	3.18	3.18	3.49	3.17	3.5	3.07	3.77	3.62	3.565	3.54	3.51
aeis	24.07	22.29	23.32	25.05	25.42	26.83	26.53	27.35	24.87	25.55	25.51	25.83	25.69	25.69	24.46	25.25	28.33	28.82	28.83	29.03	29.31	27.49	26.58	26.26	26.04	24.95	26.94	25.26	24.42	24.7	25.41	25.37	26.74	27.72	28.4	28.3	29.0	28.31	28.74	29.34	29.53	28.51	29.39	26.44	25.99	26.69	28.3	27.37	29.64	31.57	31.46	32.7	33.31	34.75	35.29	32.85	32.35	34.41	33.53	36.82	38.18	37.87	37.95	36.4	38.44	39.51	40.51	40.57	41.37	43.64	44.09	45.61	44.72	46.18	47.31	47.45	46.9	47.33	47.13	51.52	55.3	52.1	53.5	54.46	55.43	55.62	56.11	58.79	61.27	61.99	62.79	63.18	63.06	68.62	66.31	67.8	65.35	68.5	74.06	75.68	74.68	76.79	79.54	78.26	70.02	65.17	68.36	73.31	75.36	68.53	71.17	70.1	71.87	73.68	75.78	73.65	82.77	84.53	89.79	94.25	84.7497
aek	22.561	22.826999999999998	22.866	23.025	23.122	23.114	23.090999999999998	23.14	23.163	23.122	23.384	23.269000000000002	23.108	23.279	23.263	23.063000000000002	23.254	23.254	23.162	23.107	23.08	22.98	23.205	23.454	23.388	23.421	23.396	23.37	23.413	23.276999999999997	23.261	23.318	23.268	23.362	23.624000000000002	23.843000000000004	24.239	23.809	23.8	23.904	23.636999999999997	23.456999999999997	23.715	23.826999999999998	23.851999999999997	23.612	23.779	22.928	23.735	24.103	24.031	23.656	23.839000000000002	23.63	23.988000000000003	23.988000000000003	23.953000000000003	24.078000000000003	24.238000000000003	24.365	24.72	24.784000000000002	24.784000000000002	24.838	24.916	24.908	24.641	24.555999999999997	24.410999999999998	24.410999999999998	24.456	24.428	24.338	24.500999999999998	24.311	24.12	24.511	24.519000000000002	24.250999999999998	24.122	24.195	24.066	24.066	24.088	24.112	24.195	24.371	24.307	24.287	24.401	24.458000000000002	24.391	24.381999999999998	24.439	24.42	24.599	24.552	24.533	24.658	24.947	25.004	24.928	24.938000000000002	24.754	24.89	24.938000000000002	25.13	25.168000000000003	25.476	26.024	25.877	26.122	25.494	25.563000000000002	25.818	25.68	25.769000000000002	25.818	25.985	26.083000000000002	26.285
ael	28.517	27.439	25.674	26.311	26.733	27.772	28.605	28.184	27.586	28.32	28.037	28.86	28.38	29.085	26.419	25.928	26.272	24.976999999999997	25.026999999999997	25.86	26.909000000000002	26.448	25.605	26.615	25.684	28.605	26.998	25.684	24.253	23.340999999999998	23.801	22.311999999999998	22.811999999999998	24.488000000000003	24.949	25.506999999999998	26.076	26.555999999999997	25.997	26.628	24.375	22.823	24.325	20.866	18.523	17.11	15.686	12.662	14.293	14.382	13.937000000000001	15.064	15.854000000000001	15.982999999999999	14.53	15.805	13.838	13.314	14.222999999999999	15.815	15.665999999999999	15.270999999999999	15.459000000000001	13.67	14.599	15.805	15.675999999999998	15.894	15.665999999999999	16.368	17.505	17.91	17.624000000000002	17.643	17.347	17.97	17.91	17.9	15.745999999999999	20.915	21.221	21.6	23.05	22.66	22.37	23.0	22.71	24.34	23.43	26.1	27.58	27.67	25.87	25.44	23.48	23.6	22.98	23.67	24.1	23.81	23.86	24.86	25.0	25.16	24.71	26.32	27.32	27.4	27.21	27.33	27.74	27.31	27.7	25.75	27.56	28.38	29.06	29.71	30.0	30.1	29.06
aem	23.218000000000004	27.711	30.557	31.873	32.906	29.982	29.593000000000004	31.279	26.853	28.594	28.465	30.154	28.66	28.415	29.599	30.954	33.172	30.643	31.014	30.253	29.586	27.781999999999996	28.0	24.64	22.495	20.858	25.315	26.531	24.144000000000002	22.267	23.318	25.313000000000002	27.328000000000003	27.24	28.448	27.308000000000003	25.932	25.619	25.47	26.445	27.095	25.695	26.544	29.559	27.608	28.335	30.947	34.824	34.150999999999996	33.043	33.824	37.578	35.571999999999996	35.986	39.928000000000004	41.321999999999996	46.635	43.573	47.722	44.276	49.638999999999996	50.895	49.125	52.41	55.258	55.486999999999995	52.17100000000001	58.70399999999999	57.98	55.556000000000004	52.745	55.64	51.227	53.865	52.318999999999996	44.338	49.068000000000005	48.353	51.236999999999995	41.661	42.375	39.861999999999995	38.043	37.865	40.25	44.611999999999995	46.202	45.576	48.349	50.516000000000005	46.321000000000005	42.031000000000006	39.701	42.201	44.461999999999996	44.173	46.931999999999995	45.826	46.534	46.036	49.332	48.058	48.006	49.173	46.32899999999999	44.662	44.403	44.922	47.287	45.531000000000006	46.06	47.117	50.92	51.37	48.12	47.48	45.17	46.25	44.66	45.42	45.19
aeo	12.658	13.383	12.615	13.308	13.235999999999999	13.474	13.503	13.655	15.404000000000002	15.584000000000001	15.475	15.905999999999999	16.154	15.599	14.659	15.241	14.743	14.88	15.579	15.802999999999999	16.154	15.868	16.456	16.735	16.503	16.708	16.364	15.241	15.547	15.761	14.583	15.148	14.583	15.017000000000001	14.952	14.465	15.542	13.744000000000002	14.988	14.792	14.924000000000001	14.318	14.837	14.975999999999999	13.498	13.675	13.392999999999999	12.543	13.741	14.515	15.175	15.647	15.383	15.138	14.934000000000001	14.99	13.603	13.934000000000001	13.175	14.6	15.228	14.525	14.152999999999999	14.904000000000002	15.462	16.432000000000002	17.034000000000002	17.262999999999998	18.012	18.232	17.954	17.685	17.993	17.542	16.432000000000002	17.141	16.871	16.34	15.693	17.721	18.164	16.157	17.344	15.788	14.855	14.048	14.864	14.934000000000001	14.623	15.263	15.138	13.940999999999999	14.077	13.892999999999999	13.602	12.843	13.378	13.79	13.702	13.682	10.845	11.209000000000001	11.032	11.376	10.885	11.738	11.151	11.735	11.418	11.547	11.120999999999999	10.526	12.34	12.37	13.212	13.936	13.797	13.14	12.97	13.76	13.02
aep	56.519	55.198	56.744	58.012	56.382	52.806999999999995	53.206	50.879	50.071999999999996	52.147	50.13399999999999	51.739	50.831	50.869	51.53	51.043	51.118	51.282	49.663000000000004	49.333	49.617	48.455	50.788999999999994	50.971000000000004	50.99100000000001	51.583	53.16	53.898999999999994	50.696000000000005	49.938	50.443999999999996	51.213	52.007	53.151	54.167	52.699	52.165	51.351000000000006	52.218999999999994	51.604	51.183	52.49	54.923	54.422	54.736999999999995	54.28	59.047	57.695	59.144	58.09	60.50899999999999	61.573	61.168	61.545	61.912	58.59	59.755	61.973	61.233000000000004	60.207	62.467	63.169	63.376999999999995	65.229	67.117	66.39699999999999	66.19800000000001	64.972	64.814	63.522	62.38399999999999	63.217	61.542	63.801	60.784	58.708999999999996	60.478	60.478	59.723	56.729	57.165	56.18899999999999	58.923	60.806999999999995	60.276	60.998999999999995	61.648	60.411	61.618	62.358000000000004	63.147	64.47399999999999	63.227	64.815	66.005	65.616	66.10300000000001	66.171	65.79	66.206	67.032	69.639	71.21300000000001	70.475	71.21300000000001	68.458	67.76	67.238	68.311	70.032	69.98100000000001	72.07300000000001	73.333	73.22399999999999	72.43	70.457	69.71300000000001	72.163	73.22399999999999	73.41199999999999	73.125
